FACES	😀		grinning face	cheerful|cheery|face|grin|grinning|happy|laugh|nice|smile|smiling|teeth	широко улыбается	лицо|радость|смех|счастье|улыбка
FACES	😃		grinning face with big eyes	awesome|big|eyes|face|grin|grinning|happy|mouth|open|smile|smiling|teeth|yay	смеется	весело|лицо|радость|рот|смех|улыбка
FACES	😄		grinning face with smiling eyes	eye|eyes|face|grin|grinning|happy|laugh|lol|mouth|open|smile|smiling	смеется с закрытыми глазами	глаза|закрытые|лицо|радость|смеется|смех|смеяться|улыбка
FACES	😁		beaming face with smiling eyes	beaming|eye|eyes|face|grin|grinning|happy|nice|smile|smiling|teeth	светится от счастья	весело|глаза|зубы|лицо|ржать|смех|счастье|улыбка|ухмылка|широкая
FACES	😆		grinning squinting face	closed|eyes|face|grinning|haha|hahaha|happy|laugh|lol|mouth|open|rofl|smile|smiling|squinting	смеется с прищуренными глазами	глаза|закрытые|лол|радость|смех|смешно|угораю|улыбка|ха-ха|хохот
FACES	😅		grinning face with sweat	cold|dejected|excited|face|grinning|mouth|nervous|open|smile|smiling|stress|stressed|sweat	нервно смеется	лол|нервный|облегчение|открытый|пот|рот|смех|стресс|улыбка|широкая
FACES	🤣		rolling on the floor laughing	crying|face|floor|funny|haha|happy|hehe|hilarious|joy|laugh|lmao|lol|rofl|roflmao|rolling|tear	катается со смеху	глаза|катаюсь|плач|пол|ржака|ржач|слезы|умора|ха-ха|хохот
FACES	😂		face with tears of joy	crying|face|feels|funny|haha|happy|hehe|hilarious|joy|laugh|lmao|lol|rofl|roflmao|tear	смеется до слез	глаза|лол|плач|ржака|ржач|ржунимагу|слезы|смешно|умора|ха-ха
FACES	🙂		slightly smiling face	face|happy|slightly|smile|smiling	слегка улыбается	легкая|лицо|радость|смайлик|улыбка
FACES	🙃		upside-down face	face|hehe|smile|upside-down	вверх тормашками	вверх|ногами|перевернутый|смайлик|тормашками|улыбка
FACES	🫠		melting face	disappear|dissolve|embarrassed|face|haha|heat|hot|liquid|lol|melt|melting|sarcasm|sarcastic	тает	грустная|жара|жарко|лол|нежность|печальная|плавится|растаять|таю|улыбка
FACES	😉		winking face	face|flirt|heartbreaker|sexy|slide|tease|wink|winking|winks	подмигивает	глаз|договорились|ироничная|легкая|окей|улыбка|флирт|хорошо|шутка
FACES	😊		smiling face with smiling eyes	blush|eye|eyes|face|glad|satisfied|smile|smiling	довольно улыбается	глаза|довольный|закрытые|краснеть|легкая|радость|румянец|улыбка|щеки
FACES	😇		smiling face with halo	angel|angelic|angels|blessed|face|fairy|fairytale|fantasy|halo|happy|innocent|peaceful|smile|smiling|spirit|tale	с нимбом	ангел|глаза|добрый|закрытые|легкая|невинная|нимб|улыбка
FACES	🥰		smiling face with hearts	3|adore|crush|face|heart|hearts|ily|love|romance|smile|smiling|you	улыбающееся лицо с сердечками	люблю|любовь|нежность|обожаю|радость|романтика|румянец|сердечки|улыбка|чувства
FACES	😍		smiling face with heart-eyes	143|bae|eye|face|feels|heart-eyes|hearts|ily|kisses|love|romance|romantic|smile|xoxo	влюбленное лицо	без ума|вау|влюбленность|восторг|глаза|люблю|обожаю|сердечки|чувства
FACES	🤩		star-struck	excited|eyes|face|grinning|smile|star|starry-eyed|wow	звезды в глазах	вау|глаза|звезда|звездный|звезды|обалдеть|радость|супер|улыбка|широкая
FACES	😘		face blowing a kiss	adorbs|bae|blowing|face|flirt|heart|ily|kiss|love|lover|miss|muah|romantic|smooch|xoxo|you	воздушный поцелуй	воздушный|губы|комплимент|любовь|подмигивание|поцелуй|сердечко|скучаю|флирт|чмок
FACES	😗		kissing face	143|date|dating|face|flirt|ily|kiss|love|smooch|smooches|xoxo|you	целует	люблю|любовь|нежность|поцелуй|романтика|скучаю|флирт|чмок
FACES	☺️		smiling face	face|happy|outlined|relaxed|smile|smiling	улыбается	довольный|окей|радость|румянец|смайлик|счастье|улыбка|хорошо
FACES	😚		kissing face with closed eyes	143|bae|blush|closed|date|dating|eye|eyes|face|flirt|ily|kisses|kissing|smooches|xoxo	целует с закрытыми глазами	глаза|закрытые|поцелуй|румянец|флирт|целовать|чмок
FACES	😙		kissing face with smiling eyes	143|closed|date|dating|eye|eyes|face|flirt|ily|kiss|kisses|kissing|love|night|smile|smiling	счастливый поцелуй	глаза|лицо|любовь|поцелуй|свидание|улыбка|флирт|чмок
FACES	🥲		smiling face with tear	face|glad|grateful|happy|joy|pain|proud|relieved|smile|smiley|smiling|tear|touched	улыбающееся лицо со слезой	боль|гордость|лицо|облегчение|признательность|радость|слеза|трогательный|улыбка|умиление
FACES	😋		face savoring food	delicious|eat|face|food|full|hungry|savor|smile|smiling|tasty|um|yum|yummy	вкусно	вкус|еда|лицо|объедение|отлично|смаковать|язык
FACES	😛		face with tongue	awesome|cool|face|nice|party|stuck-out|sweet|tongue	показывает язык	вот|высунуть|забавно|показывает|смешно|улыбка|ха|шутка|язык
FACES	😜		winking face with tongue	crazy|epic|eye|face|funny|joke|loopy|nutty|party|stuck-out|tongue|wacky|weirdo|wink|winking|yolo	показывает язык и подмигивает	весело|глаз|забавно|подмигнуть|показать|розыгрыш|улыбка|ха-ха|шутка|язык
FACES	🤪		zany face	crazy|eye|eyes|face|goofy|large|small|zany	сумасшедшее лицо	крейзи|показать|псих|сдвиг|сошел|сумасшедший|ума|фазе|чокнуться|язык
FACES	😝		squinting face with tongue	closed|eye|eyes|face|gross|horrible|omg|squinting|stuck-out|taste|tongue|whatever|yolo	морщится и показывает язык	бе|гадость|жмуриться|омг|отвращение|показать|противно|ужас|фу|язык
FACES	🤑		money-mouth face	face|money|money-mouth|mouth|paid	деньги в глазах	баксы|богатый|выиграть|деньги|джекпот|доллары|лотерея|мани|счастливчик|язык
FACES	🤗		smiling face with open hands	face|hands|hug|hugging|open|smiling	обнимает	встречи|обнимашки|объятия|пока|привет|радость|руки|румянец|увидимся|улыбка
FACES	🤭		face with hand over mouth	face|giggle|giggling|hand|mouth|oops|realization|secret|shock|sudden|surprise|whoops	прикрывает рот рукой	лишнее|ляпнуть|посмеиваться|проговорился|секрет|смешок|сюрприз|тайна|упс|хи
FACES	🫢		face with open eyes and hand over mouth	amazement|awe|disbelief|embarrass|eyes|face|gasp|hand|mouth|omg|open|over|quiet|scared|shock|surprise	прикрывает рот рукой с открытыми глазами	изумление|испуг|недоверие|смущение|страх|удивление|шок
FACES	🫣		face with peeking eye	captivated|embarrass|eye|face|hide|hiding|peek|peeking|peep|scared|shy|stare	подсматривает	глаз|интересно|испуг|рука|румянец|стесняюсь|страх|тайно|украдкой
FACES	🤫		shushing face	face|quiet|shh|shush|shushing	тс-с-с	говори|закрой|никому|секрет|тайна|тихо|тсс|узнает|услышать|шепот
FACES	🤔		thinking face	chin|consider|face|hmm|ponder|pondering|thinking|wondering	думает	думаю|знаю|интересно|мозгами|озадачен|пораскинуть|размышлять|сложно|трудно|хм
FACES	🫡		saluting face	face|good|luck|ma’am|OK|respect|salute|saluting|sir|troops|yes	воинское приветствие	да|есть|окей|отдать|приветствие|приказ|сделаю|точно|хорошо|честь
FACES	🤐		zipper-mouth face	face|keep|mouth|quiet|secret|shut|zip|zipper|zipper-mouth	рот на замке	говори|замке|могила|молния|никому|рот|секрет|скажу|тайна
FACES	🤨		face with raised eyebrow	disapproval|disbelief|distrust|emoji|eyebrow|face|hmm|mild|raised|skeptic|skeptical|skepticism|surprise|what	не верит	быть|верю|может|не|недоверие|подозрение|правда|скептик|сомневаюсь|хм
FACES	😐		neutral face	awkward|blank|deadpan|expressionless|face|fine|jealous|meh|neutral|oh|shade|straight|unamused|unhappy|unimpressed|whatever	все равно	безразличие|незаинтересованный|равнодушие|скептик|скучно|усталость|эмоций
FACES	😑		expressionless face	awkward|dead|expressionless|face|fine|inexpressive|jealous|meh|not|oh|omg|straight|uh|unhappy|unimpressed|whatever	без эмоций	безразличие|надоело|незаинтересованный|нет|ничего|совсем|спать|усталость|эмоций
FACES	😶		face without mouth	awkward|blank|expressionless|face|mouth|mouthless|mute|quiet|secret|silence|silent|speechless	лицо без рта	молчание|немой|нет|рыба|секрет|слов|тайна|тихо|тишина|тсс
FACES	🫥		dotted line face	depressed|disappear|dotted|face|hidden|hide|introvert|invisible|line|meh|whatever|wtv	лицо пунктиром	грусть|депрессия|интроверт|исчезать|невидимка|печаль|пунктир|угнетение|усталость
FACES	😶‍🌫️		face in clouds	absentminded|clouds|face|fog|head	лицо в облаках	витающий в облаках|голова в облаках|лицо в тумане|рассеянный
FACES	😏		smirking face	boss|dapper|face|flirt|homie|kidding|leer|shade|slick|sly|smirk|smug|snicker|suave|suspicious|swag	ухмыляется	задумал|лицо|подмигнуть|подозрение|попался|пошутил|ухмылка|хитрый|шутка
FACES	😒		unamused face	...|bored|face|fine|jealous|jel|jelly|pissed|smh|ugh|uhh|unamused|unhappy|weird|whatever	скучает	гадость|грустно|надоело|недовольный|противно|скука|скучно|тоска|фу
FACES	🙄		face with rolling eyes	eyeroll|eyes|face|rolling|shade|ugh|whatever	закатывает глаза	блин|глаза|закатить|закончится|когда|надоело|омг|скука|скучно|тоска
FACES	😬		grimacing face	awk|awkward|dentist|face|grimace|grimacing|grinning|smile|smiling	гримаса	злой|злость|злюсь|зубы|кривляться|показать|рожа
FACES	😮‍💨		face exhaling	blow|blowing|exhale|exhaling|exhausted|face|gasp|groan|relief|sigh|smiley|smoke|whisper|whistle	выдыхает	вздох|выдох|облегчение|одышка|свист|шепот
FACES	🤥		lying face	face|liar|lie|lying|pinocchio	лжец	буратино|врать|врешь|лицо|ложь|обман|обманывать|пиноккио
FACES	🫨		shaking face	crazy|daze|earthquake|face|omg|panic|shaking|shock|surprise|vibrate|whoa|wow	трясущееся лицо	бум|вау|головокружение|обморок|омг|паника|трясется|удивление|ужас|шок
FACES	🙂‍↔️		head shaking horizontally	head|horizontally|no|shake|shaking	отрицательно качает головой	несогласие|нет|отрицание
FACES	🙂‍↕️		head shaking vertically	head|nod|shaking|vertically|yes	положительно качает головой	да|кивок|подтверждение|согласие
FACES	😌		relieved face	calm|face|peace|relief|relieved|zen	испытывает облегчение	богу|довольный|облегчение|обошлось|пронесло|слава|улыбка|хорошо
FACES	😔		pensive face	awful|bored|dejected|died|disappointed|face|losing|lost|pensive|sad|sucks	размышляет	грустный|достало|жаль|задумчивый|мысли|плохо|разочарован|скучно|устал
FACES	😪		sleepy face	crying|face|good|night|sad|sleep|sleeping|sleepy|tired	хочет спать	ночи|плакать|плач|пора|сон|спать|сплю|спокойной|устал
FACES	🤤		drooling face	drooling|face	пускает слюни	лицо|слюни
FACES	😴		sleeping face	bed|bedtime|face|good|goodnight|nap|night|sleep|sleeping|tired|whatever|yawn|zzz	спит	боковую|ночи|пора|сон|спать|спокойной|уснул|устал|храп
FACES	🫩		face with bags under eyes	bags|bored|exhausted|eyes|face|fatigued|late|sleepy|tired|weary	лицо с мешками под глазами	без|глазами|истощение|мешки|под|сил|скучно|сон|спать|устал
FACES	😷		face with medical mask	cold|dentist|dermatologist|doctor|dr|face|germs|mask|medical|medicine|sick	в медицинской маске	болеть|вирус|врач|заражение|карантин|маска|медик|микроб|простуда|санитар
FACES	🤒		face with thermometer	face|ill|sick|thermometer	с градусником во рту	болеть|больной|вирус|градусник|грипп|жар|плохо|простуда|температура
FACES	🤕		face with head-bandage	bandage|face|head-bandage|hurt|injury|ouch	с перевязанной головой	бинт|болеть|больной|гипс|перевязка|повязка|пострадал|ударился
FACES	🤢		nauseated face	face|gross|nasty|nauseated|sick|vomit	тошнит	блевать|болезнь|выворачивать|вырвет|зеленый|морская|наизнанку|отравиться|плохо
FACES	🤮		face vomiting	barf|ew|face|gross|puke|sick|spew|throw|up|vomit|vomiting	рвота	блевать|болезнь|вырвало|гадость|морская|отравиться|плохо|тошнит|фу
FACES	🤧		sneezing face	face|fever|flu|gesundheit|sick|sneeze|sneezing	чихает	апчхи|лицо|насморк|пчхи
FACES	🥵		hot face	dying|face|feverish|heat|hot|panting|red-faced|stroke|sweating|tongue	жар	болеть|лихорадка|плохо|пот|солнечный|температура|удар|умираю|язык
FACES	🥶		cold face	blue|blue-faced|cold|face|freezing|frostbite|icicles|subzero|teeth	мерзнет	болею|дубак|зубы|мерзнуть|мороз|озноб|синий|снег|стучат|холодно
FACES	🥴		woozy face	dizzy|drunk|eyes|face|intoxicated|mouth|tipsy|uneven|wavy|woozy	чувствует головокружение	глазах|голова|кружится|мутит|окосел|плохо|плывет|пьяный
FACES	😵		face with crossed-out eyes	crossed-out|dead|dizzy|eyes|face|feels|knocked|out|sick|tired	головокружение	болею|глаза|голова|крестики|кружится|мертвый|плохо|смерть|умереть|устал
FACES	😵‍💫		face with spiral eyes	confused|dizzy|eyes|face|hypnotized|omg|smiley|spiral|trouble|whoa|woah|woozy	ошеломление	гипноз|глаза|голова|замешательство|кружится|кучу|омг|сложно|тупик|шок
FACES	🤯		exploding head	blown|explode|exploding|head|mind|mindblown|no|shocked|way	взрыв мозга	быть|взрыв|голова|может|мозга|не|омг|шок
FACES	🤠		cowboy hat face	cowboy|cowgirl|face|hat	в ковбойской шляпе	веселый|вестерн|ковбой|радость|техас|улыбка|шапка|шляпа
FACES	🥳		partying face	bday|birthday|celebrate|celebration|excited|face|happy|hat|hooray|horn|party|partying	на вечеринке	вечеринка|день|днюха|колпак|конфетти|отмечать|поздравляю|праздник|рождения
FACES	🥸		disguised face	disguise|eyebrow|face|glasses|incognito|moustache|mustache|nose|person|spy|tache|tash	маскировка	внешность|инкогнито|нос|очки|профессор|усы|ученый|шпион
FACES	😎		smiling face with sunglasses	awesome|beach|bright|bro|chilling|cool|face|rad|relaxed|shades|slay|smile|style|sunglasses|swag|win	лицо в темных очках	защита|клево|круто|лицо|очки|свет|солнечные|солнце|солнцезащитные|улыбка
FACES	🤓		nerd face	brainy|clever|expert|face|geek|gifted|glasses|intelligent|nerd|smart	очкарик	ботан|заучка|интеллигент|радость|улыбка|умник|эврика
FACES	🧐		face with monocle	classy|face|fancy|monocle|rich|stuffy|wealthy	с моноклем	дедукция|детектив|доказательства|изучение|монокль|расследование|сомнение|ученый
FACES	😕		confused face	befuddled|confused|confusing|dunno|face|frown|hm|meh|not|sad|sorry|sure	в замешательстве	замешательство|недовольный|непонятно|огорчен|плохо|расстроен|сбит|сомнение|толку
FACES	🫤		face with diagonal mouth	confused|confusion|diagonal|disappointed|doubt|doubtful|face|frustrated|frustration|meh|mouth|skeptical|unsure|whatever|wtv	с перекошенным ртом	досадно|думаю|знаю|не|непонятно|огорчен|разочарован|скептик|уверен
FACES	😟		worried face	anxious|butterflies|face|nerves|nervous|sad|stress|stressed|surprised|worried|worry	беспокоится	беспокойство|лицо|расстройство|тревога|тревожность
FACES	🙁		slightly frowning face	face|frown|frowning|sad|slightly	немного грустит	грустный|досада|недовольный|огорчен|печаль|плохо|разочарован|хмурый
FACES	☹️		frowning face	face|frown|frowning|sad	грустит	грустный|досада|недовольный|несчастный|очень|печаль|плохо|расстроен
FACES	😮		face with open mouth	believe|face|forgot|mouth|omg|open|shocked|surprised|sympathy|unbelievable|unreal|whoa|wow|you	удивление	вау|верю|изумление|невероятно|ого|омг|ошеломление|ужас|шок
FACES	😯		hushed face	epic|face|hushed|omg|stunned|surprised|whoa|woah	неприятный сюрприз	вау|верю|неприятный|ого|омг|сюрприз|удивление
FACES	😲		astonished face	astonished|cost|face|no|omg|shocked|totally|way	в шоке	вау|глаза|изумление|лоб|ого|омг|ох|потрясение|удивление|шок
FACES	😳		flushed face	amazed|awkward|crazy|dazed|dead|disbelief|embarrassed|face|flushed|geez|heat|hot|impressed|jeez|what|wow	краснеет	извини|обидел|прости|румянец|смущение|стесняется|стыдно|хотел
FACES	🥺		pleading face	begging|big|eyes|face|mercy|not|pleading|please|pretty|puppy|sad|why	умоляет	большие|глаза|грустно|почему|просить|сжалься|слезы|умолять|щенячьи
FACES	🥹		face holding back tears	admiration|aww|back|cry|embarrassed|face|feelings|grateful|gratitude|holding|joy|please|proud|resist|sad|tears	еле сдерживает слезы	благодарность|восхищение|гордость|плакать|радость|слезы|счастья|умиление
FACES	😦		frowning face with open mouth	caught|face|frown|frowning|guard|mouth|open|scared|scary|surprise|what|wow	в изумлении	изумление|испуг|неприятный|ого|омг|страх|сюрприз|устал
FACES	😧		anguished face	anguished|face|forgot|scared|scary|stressed|surprise|unhappy|what|wow	страдает	боль|забыл|испуг|неприятный|омг|страдаю|стресс|сюрприз|удивление
FACES	😨		fearful face	afraid|anxious|blame|face|fear|fearful|scared|worried	боится	беспокоится|боюсь|волнуюсь|жуть|испуг|омг|страх
FACES	😰		anxious face with sweat	anxious|blue|cold|eek|face|mouth|nervous|open|rushed|scared|sweat|yikes	сильно беспокоится	беспокоюсь|волнуюсь|грусть|замерз|плакать|плач|пот|страх|холодно
FACES	😥		sad but relieved face	anxious|call|close|complicated|disappointed|face|not|relieved|sad|sweat|time|whew	обошлось	беспокоюсь|грустно|облегчение|плач|пот|пронесло|разочарован|тревога|фух
FACES	😢		crying face	awful|cry|crying|face|feels|miss|sad|tear|triste|unhappy	плачет	грустный|жаль|обидно|печаль|плакать|плач|слеза
FACES	😭		loudly crying face	bawling|cry|crying|face|loudly|sad|sob|tear|tears|unhappy	слезы рекой	за|навзрыд|несчастный|плач|почему|реветь|рекой|слезы|что
FACES	😱		face screaming in fear	epic|face|fear|fearful|munch|scared|scream|screamer|screaming|shocked|surprised|woah	в ужасе	испуг|крик|кричать|нет|омг|страх|ужас|шок
FACES	😖		confounded face	annoyed|confounded|confused|cringe|distraught|face|feels|frustrated|mad|sad	в растерянности	гадость|кринж|невкусно|непонятно|неприятно|растерян|сбит|толку|фу
FACES	😣		persevering face	concentrate|concentration|face|focus|headache|persevere|persevering	упорство	боль|головная|достало|мигрень|настойчивость|упорный|упрямый|хватит
FACES	😞		disappointed face	awful|blame|dejected|disappointed|face|fail|losing|sad|unhappy	разочарование	виноват|грустно|жаль|лузер|неудача|обида|обижен|печаль|разочарован|устал
FACES	😓		downcast face with sweat	close|cold|downcast|face|feels|headache|nervous|sad|scared|sweat|yikes	в холодном поту	беспокойство|боль|волнуюсь|головная|депресняк|нервничаю|поту|уныние|холодном
FACES	😩		weary face	crying|face|fail|feels|hungry|mad|nooo|sad|sleepy|tired|unhappy|weary	усталость	гадость|достало|надоело|нет|плач|сил|устал|фу|хватит
FACES	😫		tired face	cost|face|feels|nap|sad|sneeze|tired	сильная усталость	достало|надоело|очень|сильно|спать|устал|фу|хватит
FACES	🥱		yawning face	bedtime|bored|face|goodnight|nap|night|sleep|sleepy|tired|whatever|yawn|yawning|zzz	зевает	боковую|ночи|поздно|скука|скучно|спать|спокойной|устал
FACES	😤		face with steam from nose	anger|angry|face|feels|fume|fuming|furious|fury|mad|nose|steam|triumph|unhappy|won	в ожидании успеха	бешенстве|дым|зла|злость|зол|пар|пыхтеть|раздражение
FACES	😡		enraged face	anger|angry|enraged|face|feels|mad|maddening|pouting|rage|red|shade|unhappy|upset	злится	бешенство|злой|кипит|красный|ненавижу|рак|рассержен|сердится|ярость
FACES	😠		angry face	anger|angry|blame|face|feels|frustrated|mad|maddening|rage|shade|unhappy|upset	сердится	бешенство|злиться|злость|рассержен|хмурится
FACES	🤬		face with symbols on mouth	censor|cursing|cussing|face|mad|mouth|pissed|swearing|symbols	цензура	браниться|брань|мат|материться|ругань|ругаться
FACES	😈		smiling face with horns	demon|devil|evil|face|fairy|fairytale|fantasy|horns|purple|shade|smile|smiling|tale	улыбающийся чертенок	дьявол|зло|злорадная|рога|рожки|улыбка|черт
FACES	👿		angry face with horns	angry|demon|devil|evil|face|fairy|fairytale|fantasy|horns|imp|mischievous|purple|shade|tale	злой чертенок	грусть|демон|дьявол|зло|расстроен|рога|рожки|хмурится|черт
FACES	💀		skull	body|dead|death|face|fairy|fairytale|i’m|lmao|monster|tale|yolo	череп	кости|мертвый|могила|монстр|смерть|умереть
FACES	☠️		skull and crossbones	bone|crossbones|dead|death|face|monster|skull	череп и кости	конец|кости|метка|опасно|пират|смерть|умереть|флаг|череп
FACES	💩		pile of poo	bs|comic|doo|dung|face|fml|monster|pile|poo|poop|smelly|smh|stink|stinks|stinky|turd	какашка	вонючка|воняет|говно|кака|куча|улыбка|фу|шутка
FACES	🤡		clown face	clown|face	клоун	арлекин|смех|смешно|улыбка|цирк|шут
FACES	👹		ogre	creature|devil|face|fairy|fairytale|fantasy|mask|monster|scary|tale	чудовище	дракон|змей|карнавал|лицо|мифология|монстр|нечисть|страх|существо|японский
FACES	👺		goblin	angry|creature|face|fairy|fairytale|fantasy|mask|mean|monster|tale	японский гоблин	гоблин|злой|монстр|сказка|страшный|тэнгу|чудище|японский
FACES	👻		ghost	boo|creature|excited|face|fairy|fairytale|fantasy|halloween|haunting|monster|scary|silly|tale	привидение	подмигнуть|призрак|смешной|улыбка|хэллоуин
FACES	👽		alien	creature|extraterrestrial|face|fairy|fairytale|fantasy|monster|space|tale|ufo	инопланетянин	внеземная|космос|нло|пришелец|страшный|улыбка|цивилизация
FACES	👾		alien monster	alien|creature|extraterrestrial|face|fairy|fairytale|fantasy|game|gamer|games|monster|pixelated|space|tale|ufo	космический монстр	аркада|инопланетянин|космос|монстр|нло|пиксель|пришелец|чудовище
FACES	🤖		robot	face|monster	робот	лицо|монстр|страх
FACES	😺		grinning cat	animal|cat|face|grinning|mouth|open|smile|smiling	улыбающийся кот	домашнее|животное|кот|милашка|питомец|полосатый|улыбка|усы|ушастик|хорошо
FACES	😸		grinning cat with smiling eyes	animal|cat|eye|eyes|face|grin|grinning|smile|smiling	смеющийся кот	глаза|закрытые глаза|кот|кот с широкой улыбкой и закрытыми глазами|морда|смеющийся|улыбка|широкая улыбка
FACES	😹		cat with tears of joy	animal|cat|face|joy|laugh|laughing|lol|tear|tears	смеющийся до слез кот	веселье|кот|кот смеется|кот смеется до слез|морда|радость|слезы счастья|смеющийся кот|счастье
FACES	😻		smiling cat with heart-eyes	animal|cat|eye|face|heart|heart-eyes|love|smile|smiling	влюбленный кот	влюбиться|кот|любовь|морда|сердечки|счастье|улыбка
FACES	😼		cat with wry smile	animal|cat|face|ironic|smile|wry	ухмыляющийся кот	кот|кот с ухмылкой|сарказм|улыбка|ухмылка|хитрость|хитрый
FACES	😽		kissing cat	animal|cat|closed|eye|eyes|face|kiss|kissing	целующий кот	глаза|губы|кот|кот целует|морда|морды|поцелуй
FACES	🙀		weary cat	animal|cat|face|oh|surprised|weary	кот в шоке	в шоке|кот|кот волнуется|морда|морды|удивление|усталость
FACES	😿		crying cat	animal|cat|cry|crying|face|sad|tear	плачущий кот	грустно|жаль|кот|кот плачет|морда|печаль|плач|слезы
FACES	😾		pouting cat	animal|cat|face|pouting	злой кот	злой|кот|морда|недовольный|раздраженный
FACES	🙈		see-no-evil monkey	embarrassed|evil|face|forbidden|forgot|gesture|hide|monkey|no|omg|prohibited|scared|secret|smh|watch	ничего не вижу	глаза|запрещено|зрение|нельзя|обезьяна
FACES	🙉		hear-no-evil monkey	animal|ears|evil|face|forbidden|gesture|hear|listen|monkey|no|not|prohibited|secret|shh|tmi	ничего не слышу	запрещено|лапы|нельзя|обезьяна|слух|уши
FACES	🙊		speak-no-evil monkey	animal|evil|face|forbidden|gesture|monkey|no|not|oops|prohibited|quiet|secret|speak|stealth	ничего никому не скажу	закрыт|запрещено|лапы|молчание|обезьяна|рот
FACES	💌		love letter	heart|letter|love|mail|romance|valentine	любовное письмо	валентинка|записка|любовь|письмо|почта|тайна
FACES	💘		heart with arrow	143|adorbs|arrow|cupid|date|emotion|heart|ily|love|romance|valentine	сердце, пронзенное стрелой	купидон|лук|любовь|стрела
FACES	💝		heart with ribbon	143|anniversary|emotion|heart|ily|kisses|ribbon|valentine|xoxo	сердце с лентой	валентин|валентинка|лента|люблю|любовь|перевязано|подарок|сердце
FACES	💖		sparkling heart	143|emotion|excited|good|heart|ily|kisses|morning|night|sparkle|sparkling|xoxo	сверкающее сердце	блеск|звездочки|любовь|радость|сердце
FACES	💗		growing heart	143|emotion|excited|growing|heart|heartpulse|ily|kisses|muah|nervous|pulse|xoxo	растущее сердце	биение|больше|влюбленность|любовь|размер|ритм|сердце|чувства
FACES	💓		beating heart	143|beating|cardio|emotion|heart|heartbeat|ily|love|pulsating|pulse	пульсирующее сердце	бьется|красное|пульсирует|пульсирующее|розовое|сердце
FACES	💞		revolving hearts	143|adorbs|anniversary|emotion|heart|hearts|revolving	вращающиеся сердца	вращение|два|круги|сердца|танец любви
FACES	💕		two hearts	143|anniversary|date|dating|emotion|heart|hearts|ily|kisses|love|loving|two|xoxo	два сердца	влюблен|влюблена|влюбленные|два|любовь|отношения|свидание|сердечки|сердца|чувства
FACES	💟		heart decoration	143|decoration|emotion|heart|hearth|purple|white	значок «сердце»	белое|значок|квадрат|любовь|сердце|сиреневый|фиолетовый|чувства|эмоция
FACES	❣️		heart exclamation	exclamation|heart|heavy|mark|punctuation	восклицательный знак в виде сердца	восклицание|знак|препинания|сердце|сердце в виде восклицательного знака
FACES	💔		broken heart	break|broken|crushed|emotion|heart|heartbroken|lonely|sad	разбитое сердце	разбитое|разочарование|сердце|части
FACES	❤️‍🔥		heart on fire	burn|fire|heart|love|lust|sacred	горящее сердце	любовь|огонь|пламенное сердце|пламя|страсть
FACES	❤️‍🩹		mending heart	healthier|heart|improving|mending|recovering|recuperating|well	заживающее сердце	выздоровление|излечение|поправка|улучшение|хорошо
FACES	❤️		red heart	emotion|heart|love|red	алое сердце	красное|любовь|свидание|сердце|чувства|эмоции
FACES	🩷		pink heart	143|adorable|cute|emotion|heart|ily|like|love|pink|special|sweet	розовое сердце	люблю|любовь|мило|нравится|розовое|сердце
FACES	🧡		orange heart	143|heart|orange	оранжевое сердце	любовь|оранжевое|свидание|сердце|чувства|эмоции
FACES	💛		yellow heart	143|cardiac|emotion|heart|ily|love|yellow	желтое сердце	желтое|любовь|сердце|чувство|эмоции
FACES	💚		green heart	143|emotion|green|heart|ily|love|romantic	зеленое сердце	зеленое|любовь|сердце|чувства|эмоции
FACES	💙		blue heart	143|blue|emotion|heart|ily|love|romance	синее сердце	голубое|любовь|сердце|синее|чувства|эмоции
FACES	🩵		light blue heart	143|blue|cute|cyan|emotion|heart|ily|light|like|love|sky|special|teal	голубое сердце	бирюзовое|голубое|люблю|любовь|милый|нравится|сердечко|сердце|чувства
FACES	💜		purple heart	143|bestest|emotion|heart|ily|love|purple	фиолетовое сердце	любовь|сердце|сиреневое|фиолетовое|чувства|эмоции
FACES	🤎		brown heart	143|brown|heart	коричневое сердце	коричневое|любовь|сердце|чувства|эмоции
FACES	🖤		black heart	black|evil|heart|wicked	черное сердце	злое|сердце|черное
FACES	🩶		grey heart	143|emotion|gray|grey|heart|ily|love|silver|slate|special	серое сердце	любовь|сердце|серебряное|серое
FACES	🤍		white heart	143|heart|white	белое сердце	белое|любовь|сердце|чувства|эмоции
FACES	💋		kiss mark	dating|emotion|heart|kiss|kissing|lips|mark|romance|sexy	след от поцелуя	губы|любовь|помада|поцелуй|романтика|свидание|целовать|чувства|эмоции
FACES	💯		hundred points	100|a+|agree|clearly|definitely|faithful|fleek|full|hundred|keep|perfect|point|score|TRUE|truth|yup	сто баллов	100|именно|сотка|сотня|сто|сто процентов|сто пудов|точно
FACES	💢		anger symbol	anger|angry|comic|mad|symbol|upset	значок «гнев»	гнев|злость|ярость
FACES	💥		collision	bomb|boom|collide|comic|explode	взрыв	бомба|бум|вспышка|искра|столкновение
FACES	💫		dizzy	comic|shining|shooting|star|stars	кружащаяся звезда	астероид|головокружение|звезда|звездочка|звезды|метеорит
FACES	💦		sweat droplets	comic|drip|droplet|droplets|drops|splashing|squirt|sweat|water|wet|work|workout	капли пота	брызги|вода|капать|капельки|капли|мокрый|пот|тренировка
FACES	💨		dashing away	away|cloud|comic|dash|dashing|fart|fast|go|gone|gotta|running|smoke	исчезновение	быстро|дым|облако|облачко|пукнуть|пыли|пыль|убежать
FACES	🕳️		hole		дыра	люк|отверстие|пропасть|черная
FACES	💬		speech balloon	balloon|bubble|comic|dialog|message|sms|speech|talk|text|typing	облачко с многоточием	диалог|идеи|многоточие|мысли|мысль|облачко|речь|сообщение|текст
FACES	👁️‍🗨️		eye in speech bubble	balloon|bubble|eye|speech|witness	значок свидетеля	глаз|подсматривать|преследование|свидетель|символ
FACES	🗨️		left speech bubble	balloon|bubble|dialog|left|speech	пустое облачко	диалог|мнение|мысль|облачко|речь|слева
FACES	🗯️		right anger bubble	anger|angry|balloon|bubble|mad|right	гневное облачко	бабл|гнев|комикс|негатив|облачко|справа|ярость
FACES	💭		thought balloon	balloon|bubble|cartoon|cloud|comic|daydream|decisions|dream|idea|invent|invention|realize|think|thoughts|wonder	облачко с мыслями	идеи|изобретения|мечты|мысли|облачко|размышления
FACES	💤		ZZZ	comic|good|goodnight|night|sleep|sleeping|sleepy|tired|zzz	сон	ночи|ночь|спать|спокойной|храп
PEOPLE	👋	👋🏻 👋🏼 👋🏽 👋🏾 👋🏿	waving hand	bye|cya|g2g|greetings|gtg|hand|hello|hey|hi|later|outtie|ttfn|ttyl|wave|yo|you	машет рукой	взмах|привет|приветствие|прощание|рука
PEOPLE	🤚	🤚🏻 🤚🏼 🤚🏽 🤚🏾 🤚🏿	raised back of hand	back|backhand|hand|raised	поднятая рука	ладонь|поднятая|сторона|тыльная
PEOPLE	🖐️		hand with fingers splayed	finger|fingers|hand|raised|splayed|stop	раскрытая ладонь	ладонь|пальцы|раскрытая|рука|стоп
PEOPLE	🖐🏻		hand with fingers splayed: light skin tone	finger|fingers|hand|light skin tone|raised|splayed|stop	раскрытая ладонь: очень светлый тон кожи	ладонь|очень светлый тон кожи|пальцы|раскрытая|рука|стоп
PEOPLE	🖐🏼		hand with fingers splayed: medium-light skin tone	finger|fingers|hand|medium-light skin tone|raised|splayed|stop	раскрытая ладонь: светлый тон кожи	ладонь|пальцы|раскрытая|рука|светлый тон кожи|стоп
PEOPLE	🖐🏽		hand with fingers splayed: medium skin tone	finger|fingers|hand|medium skin tone|raised|splayed|stop	раскрытая ладонь: средний тон кожи	ладонь|пальцы|раскрытая|рука|средний тон кожи|стоп
PEOPLE	🖐🏾		hand with fingers splayed: medium-dark skin tone	finger|fingers|hand|medium-dark skin tone|raised|splayed|stop	раскрытая ладонь: темный тон кожи	ладонь|пальцы|раскрытая|рука|стоп|темный тон кожи
PEOPLE	🖐🏿		hand with fingers splayed: dark skin tone	dark skin tone|finger|fingers|hand|raised|splayed|stop	раскрытая ладонь: очень темный тон кожи	ладонь|очень темный тон кожи|пальцы|раскрытая|рука|стоп
PEOPLE	✋	✋🏻 ✋🏼 ✋🏽 ✋🏾 ✋🏿	raised hand	5|five|hand|high|raised|stop	поднятая ладонь	вверх|ладонь|пальцы|поднятая|пять|рука|стоп
PEOPLE	🖖	🖖🏻 🖖🏼 🖖🏽 🖖🏾 🖖🏿	vulcan salute	finger|hand|hands|salute|Vulcan	вулканский салют	вулканский|жест|пальцы|приветствие|рука|спок
PEOPLE	🫱	🫱🏻 🫱🏼 🫱🏽 🫱🏾 🫱🏿	rightwards hand	hand|handshake|hold|reach|right|rightward|rightwards|shake	рука вправо	вправо|кисть|направо|рука|рукопожатие
PEOPLE	🫲	🫲🏻 🫲🏼 🫲🏽 🫲🏾 🫲🏿	leftwards hand	hand|handshake|hold|left|leftward|leftwards|reach|shake	рука влево	влево|кисть|налево|рука|рукопожатие
PEOPLE	🫳	🫳🏻 🫳🏼 🫳🏽 🫳🏾 🫳🏿	palm down hand	dismiss|down|drop|dropped|hand|palm|pick|shoo|up	рука ладонью вниз	бросить|ладонь вниз|отпустить|рука
PEOPLE	🫴	🫴🏻 🫴🏼 🫴🏽 🫴🏾 🫴🏿	palm up hand	beckon|catch|come|hand|hold|know|lift|me|offer|palm|tell	рука ладонью вверх	вверх|жест|ладонь|манить|подзывать|поднимать|подойди|позвать|предложить|рука|скажи
PEOPLE	🫷	🫷🏻 🫷🏼 🫷🏽 🫷🏾 🫷🏿	leftwards pushing hand	block|five|halt|hand|high|hold|leftward|leftwards|pause|push|pushing|refuse|slap|stop|wait	рука ладонью влево	влево|ждать|нет|отказ|подождать|подожди|пять|стоп|толкать
PEOPLE	🫸	🫸🏻 🫸🏼 🫸🏽 🫸🏾 🫸🏿	rightwards pushing hand	block|five|halt|hand|high|hold|pause|push|pushing|refuse|rightward|rightwards|slap|stop|wait	рука ладонью вправо	вправо|ждать|нет|отказ|подождать|подожди|пять|стоп|толкать
PEOPLE	👌	👌🏻 👌🏼 👌🏽 👌🏾 👌🏿	OK hand	awesome|bet|dope|fleek|fosho|got|gotcha|hand|legit|OK|okay|pinch|rad|sure|sweet|three	жест «все хорошо»	жест|ок|окей|отлично|рука|хорошо|ясно
PEOPLE	🤌	🤌🏻 🤌🏼 🤌🏽 🤌🏾 🤌🏿	pinched fingers	fingers|gesture|hand|hold|huh|interrogation|patience|pinched|relax|sarcastic|ugh|what|zip	щепоть	вопрос|жест|пальцы|рега|сарказм|щепотка
PEOPLE	🤏	🤏🏻 🤏🏼 🤏🏽 🤏🏾 🤏🏿	pinching hand	amount|bit|fingers|hand|little|pinching|small|sort	жест «мало»	жест|мало|небольшое количество|немного|чуть-чуть
PEOPLE	✌️		victory hand	hand|peace|v|victory	жест V	виктория|жест|мир|пальцы|победа|рука
PEOPLE	✌🏻		victory hand: light skin tone	hand|light skin tone|peace|v|victory	жест V: очень светлый тон кожи	виктория|жест|мир|очень светлый тон кожи|пальцы|победа|рука
PEOPLE	✌🏼		victory hand: medium-light skin tone	hand|medium-light skin tone|peace|v|victory	жест V: светлый тон кожи	виктория|жест|мир|пальцы|победа|рука|светлый тон кожи
PEOPLE	✌🏽		victory hand: medium skin tone	hand|medium skin tone|peace|v|victory	жест V: средний тон кожи	виктория|жест|мир|пальцы|победа|рука|средний тон кожи
PEOPLE	✌🏾		victory hand: medium-dark skin tone	hand|medium-dark skin tone|peace|v|victory	жест V: темный тон кожи	виктория|жест|мир|пальцы|победа|рука|темный тон кожи
PEOPLE	✌🏿		victory hand: dark skin tone	dark skin tone|hand|peace|v|victory	жест V: очень темный тон кожи	виктория|жест|мир|очень темный тон кожи|пальцы|победа|рука
PEOPLE	🤞	🤞🏻 🤞🏼 🤞🏽 🤞🏾 🤞🏿	crossed fingers	cross|crossed|finger|fingers|hand|luck	скрещенные пальцы	везение|жест|пальцы|скрестить|скрещенные|удача
PEOPLE	🫰	🫰🏻 🫰🏼 🫰🏽 🫰🏾 🫰🏿	hand with index finger and thumb crossed	<3|crossed|expensive|finger|hand|heart|index|love|money|snap|thumb	жест «деньги»	деньги|дорого|жест|сердечко|щелчок
PEOPLE	🤟	🤟🏻 🤟🏼 🤟🏽 🤟🏾 🤟🏿	love-you gesture	fingers|gesture|hand|ILY|love|love-you|three|you	я-тебя-люблю	жест|люблю|пальца|пальцы|рука|три
PEOPLE	🤘	🤘🏻 🤘🏼 🤘🏽 🤘🏾 🤘🏿	sign of the horns	finger|hand|horns|rock-on|sign	рокерский жест	жест|коза|пальцы|рок|рокерский|рука|фанат
PEOPLE	🤙	🤙🏻 🤙🏼 🤙🏽 🤙🏾 🤙🏿	call me hand	call|hand|hang|loose|me|Shaka	жест «позвони мне»	жест|набери|позвони|рука|серферский|шака
PEOPLE	👈	👈🏻 👈🏼 👈🏽 👈🏾 👈🏿	backhand index pointing left	backhand|finger|hand|index|left|point|pointing	указывающий налево палец	влево|жест|налево|направление|палец|рука|тыльная|указательный|указывать|указывающий
PEOPLE	👉	👉🏻 👉🏼 👉🏽 👉🏾 👉🏿	backhand index pointing right	backhand|finger|hand|index|point|pointing|right	указывающий направо палец	вправо|жест|направление|направо|палец|рука|тыльная|указательный|указывать|указывающий
PEOPLE	👆	👆🏻 👆🏼 👆🏽 👆🏾 👆🏿	backhand index pointing up	backhand|finger|hand|index|point|pointing|up	указывающий вверх палец	вверх|выше|жест|наверх|направление|палец|рука|тыльная|указательный|указывать|указывающий
PEOPLE	🖕	🖕🏻 🖕🏼 🖕🏽 🖕🏾 🖕🏿	middle finger	finger|hand|middle	средний палец	жест|палец|рука|средний|фак
PEOPLE	👇	👇🏻 👇🏼 👇🏽 👇🏾 👇🏿	backhand index pointing down	backhand|down|finger|hand|index|point|pointing	указывающий вниз палец	вниз|жест|направление|ниже|палец|рука|тыльная|указательный|указывать|указывающий
PEOPLE	☝️		index pointing up	finger|hand|index|point|pointing|this|up	указательный палец вверх	вверх|внимание|направление|палец|послушайте|рука|указательный
PEOPLE	☝🏻		index pointing up: light skin tone	finger|hand|index|light skin tone|point|pointing|this|up	указательный палец вверх: очень светлый тон кожи	вверх|внимание|направление|очень светлый тон кожи|палец|послушайте|рука|указательный
PEOPLE	☝🏼		index pointing up: medium-light skin tone	finger|hand|index|medium-light skin tone|point|pointing|this|up	указательный палец вверх: светлый тон кожи	вверх|внимание|направление|палец|послушайте|рука|светлый тон кожи|указательный
PEOPLE	☝🏽		index pointing up: medium skin tone	finger|hand|index|medium skin tone|point|pointing|this|up	указательный палец вверх: средний тон кожи	вверх|внимание|направление|палец|послушайте|рука|средний тон кожи|указательный
PEOPLE	☝🏾		index pointing up: medium-dark skin tone	finger|hand|index|medium-dark skin tone|point|pointing|this|up	указательный палец вверх: темный тон кожи	вверх|внимание|направление|палец|послушайте|рука|темный тон кожи|указательный
PEOPLE	☝🏿		index pointing up: dark skin tone	dark skin tone|finger|hand|index|point|pointing|this|up	указательный палец вверх: очень темный тон кожи	вверх|внимание|направление|очень темный тон кожи|палец|послушайте|рука|указательный
PEOPLE	🫵	🫵🏻 🫵🏼 🫵🏽 🫵🏾 🫵🏿	index pointing at the viewer	at|finger|hand|index|pointing|poke|viewer|you	указательный палец на себя	жест|палец|показать|рука|ты|указательный|указывать
PEOPLE	👍	👍🏻 👍🏼 👍🏽 👍🏾 👍🏿	thumbs up	+1|good|hand|like|thumb|up|yes	большой палец вверх	вверх|договорились|жест|лайк|нравится|одобрение|отлично|палец|рука|супер|хорошо
PEOPLE	👎	👎🏻 👎🏼 👎🏽 👎🏾 👎🏿	thumbs down	-1|bad|dislike|down|good|hand|no|nope|thumb|thumbs	большой палец вниз	бу|вниз|недоволен|недовольна|нет|палец|плохо|порицание|рука|фу
PEOPLE	✊	✊🏻 ✊🏼 ✊🏽 ✊🏾 ✊🏿	raised fist	clenched|fist|hand|punch|raised|solidarity	поднятый кулак	кулак|пальцы|рука|удар
PEOPLE	👊	👊🏻 👊🏼 👊🏽 👊🏾 👊🏿	oncoming fist	absolutely|agree|boom|bro|bruh|bump|clenched|correct|fist|hand|knuckle|oncoming|pound|punch|rock|ttyl	кулак	бокс|боксировать|бро|кулачок|опасность|рука|удар
PEOPLE	🤛	🤛🏻 🤛🏼 🤛🏽 🤛🏾 🤛🏿	left-facing fist	fist|left-facing|leftwards	кулак влево	влево|кулак|рука
PEOPLE	🤜	🤜🏻 🤜🏼 🤜🏽 🤜🏾 🤜🏿	right-facing fist	fist|right-facing|rightwards	кулак вправо	вправо|кулак|рука
PEOPLE	👏	👏🏻 👏🏼 👏🏽 👏🏾 👏🏿	clapping hands	applause|approval|awesome|clap|congrats|congratulations|excited|good|great|hand|homie|job|nice|prayed|well|yay	аплодисменты	движение|жест|овация|рука|хлопать
PEOPLE	🙌	🙌🏻 🙌🏼 🙌🏽 🙌🏾 🙌🏿	raising hands	celebration|gesture|hand|hands|hooray|praise|raised|raising	ура	вверх|жест|класс|отлично|победа|руки
PEOPLE	🫶	🫶🏻 🫶🏼 🫶🏽 🫶🏾 🫶🏿	heart hands	<3|hands|heart|love|you	жест «сердце»	жест|любовь|руки|сердце
PEOPLE	👐	👐🏻 👐🏼 👐🏽 👐🏾 👐🏿	open hands	hand|hands|hug|jazz|open|swerve	ладони в стороны	врозь|ладони|открытые|рука|руки
PEOPLE	🤲	🤲🏻 🤲🏼 🤲🏽 🤲🏾 🤲🏿	palms up together	cupped|dua|hands|palms|pray|prayer|together|up|wish	ладони лодочкой	вверх|вместе|горсть|дуа|желание|ладони|лодочкой|молитва|молиться|руки
PEOPLE	🤝	🤝🏻 🤝🏼 🤝🏽 🤝🏾 🤝🏿	handshake	agreement|deal|hand|meeting|shake	рукопожатие	встреча|договорились|руки|согласие|соглашение
PEOPLE	🫱🏻‍🫲🏼		handshake: light skin tone, medium-light skin tone	agreement|deal|hand|handshake|light skin tone|medium-light skin tone|meeting|shake	рукопожатие: очень светлый тон кожи светлый тон кожи	встреча|договорились|очень светлый тон кожи|руки|рукопожатие|светлый тон кожи|согласие|соглашение
PEOPLE	🫱🏻‍🫲🏽		handshake: light skin tone, medium skin tone	agreement|deal|hand|handshake|light skin tone|medium skin tone|meeting|shake	рукопожатие: очень светлый тон кожи средний тон кожи	встреча|договорились|очень светлый тон кожи|руки|рукопожатие|согласие|соглашение|средний тон кожи
PEOPLE	🫱🏻‍🫲🏾		handshake: light skin tone, medium-dark skin tone	agreement|deal|hand|handshake|light skin tone|medium-dark skin tone|meeting|shake	рукопожатие: очень светлый тон кожи темный тон кожи	встреча|договорились|очень светлый тон кожи|руки|рукопожатие|согласие|соглашение|темный тон кожи
PEOPLE	🫱🏻‍🫲🏿		handshake: light skin tone, dark skin tone	agreement|dark skin tone|deal|hand|handshake|light skin tone|meeting|shake	рукопожатие: очень светлый тон кожи очень темный тон кожи	встреча|договорились|очень светлый тон кожи|очень темный тон кожи|руки|рукопожатие|согласие|соглашение
PEOPLE	🫱🏼‍🫲🏻		handshake: medium-light skin tone, light skin tone	agreement|deal|hand|handshake|light skin tone|medium-light skin tone|meeting|shake	рукопожатие: светлый тон кожи очень светлый тон кожи	встреча|договорились|очень светлый тон кожи|руки|рукопожатие|светлый тон кожи|согласие|соглашение
PEOPLE	🫱🏼‍🫲🏽		handshake: medium-light skin tone, medium skin tone	agreement|deal|hand|handshake|medium skin tone|medium-light skin tone|meeting|shake	рукопожатие: светлый тон кожи средний тон кожи	встреча|договорились|руки|рукопожатие|светлый тон кожи|согласие|соглашение|средний тон кожи
PEOPLE	🫱🏼‍🫲🏾		handshake: medium-light skin tone, medium-dark skin tone	agreement|deal|hand|handshake|medium-dark skin tone|medium-light skin tone|meeting|shake	рукопожатие: светлый тон кожи темный тон кожи	встреча|договорились|руки|рукопожатие|светлый тон кожи|согласие|соглашение|темный тон кожи
PEOPLE	🫱🏼‍🫲🏿		handshake: medium-light skin tone, dark skin tone	agreement|dark skin tone|deal|hand|handshake|medium-light skin tone|meeting|shake	рукопожатие: светлый тон кожи очень темный тон кожи	встреча|договорились|очень темный тон кожи|руки|рукопожатие|светлый тон кожи|согласие|соглашение
PEOPLE	🫱🏽‍🫲🏻		handshake: medium skin tone, light skin tone	agreement|deal|hand|handshake|light skin tone|medium skin tone|meeting|shake	рукопожатие: средний тон кожи очень светлый тон кожи	встреча|договорились|очень светлый тон кожи|руки|рукопожатие|согласие|соглашение|средний тон кожи
PEOPLE	🫱🏽‍🫲🏼		handshake: medium skin tone, medium-light skin tone	agreement|deal|hand|handshake|medium skin tone|medium-light skin tone|meeting|shake	рукопожатие: средний тон кожи светлый тон кожи	встреча|договорились|руки|рукопожатие|светлый тон кожи|согласие|соглашение|средний тон кожи
PEOPLE	🫱🏽‍🫲🏾		handshake: medium skin tone, medium-dark skin tone	agreement|deal|hand|handshake|medium skin tone|medium-dark skin tone|meeting|shake	рукопожатие: средний тон кожи темный тон кожи	встреча|договорились|руки|рукопожатие|согласие|соглашение|средний тон кожи|темный тон кожи
PEOPLE	🫱🏽‍🫲🏿		handshake: medium skin tone, dark skin tone	agreement|dark skin tone|deal|hand|handshake|medium skin tone|meeting|shake	рукопожатие: средний тон кожи очень темный тон кожи	встреча|договорились|очень темный тон кожи|руки|рукопожатие|согласие|соглашение|средний тон кожи
PEOPLE	🫱🏾‍🫲🏻		handshake: medium-dark skin tone, light skin tone	agreement|deal|hand|handshake|light skin tone|medium-dark skin tone|meeting|shake	рукопожатие: темный тон кожи очень светлый тон кожи	встреча|договорились|очень светлый тон кожи|руки|рукопожатие|согласие|соглашение|темный тон кожи
PEOPLE	🫱🏾‍🫲🏼		handshake: medium-dark skin tone, medium-light skin tone	agreement|deal|hand|handshake|medium-dark skin tone|medium-light skin tone|meeting|shake	рукопожатие: темный тон кожи светлый тон кожи	встреча|договорились|руки|рукопожатие|светлый тон кожи|согласие|соглашение|темный тон кожи
PEOPLE	🫱🏾‍🫲🏽		handshake: medium-dark skin tone, medium skin tone	agreement|deal|hand|handshake|medium skin tone|medium-dark skin tone|meeting|shake	рукопожатие: темный тон кожи средний тон кожи	встреча|договорились|руки|рукопожатие|согласие|соглашение|средний тон кожи|темный тон кожи
PEOPLE	🫱🏾‍🫲🏿		handshake: medium-dark skin tone, dark skin tone	agreement|dark skin tone|deal|hand|handshake|medium-dark skin tone|meeting|shake	рукопожатие: темный тон кожи очень темный тон кожи	встреча|договорились|очень темный тон кожи|руки|рукопожатие|согласие|соглашение|темный тон кожи
PEOPLE	🫱🏿‍🫲🏻		handshake: dark skin tone, light skin tone	agreement|dark skin tone|deal|hand|handshake|light skin tone|meeting|shake	рукопожатие: очень темный тон кожи очень светлый тон кожи	встреча|договорились|очень светлый тон кожи|очень темный тон кожи|руки|рукопожатие|согласие|соглашение
PEOPLE	🫱🏿‍🫲🏼		handshake: dark skin tone, medium-light skin tone	agreement|dark skin tone|deal|hand|handshake|medium-light skin tone|meeting|shake	рукопожатие: очень темный тон кожи светлый тон кожи	встреча|договорились|очень темный тон кожи|руки|рукопожатие|светлый тон кожи|согласие|соглашение
PEOPLE	🫱🏿‍🫲🏽		handshake: dark skin tone, medium skin tone	agreement|dark skin tone|deal|hand|handshake|medium skin tone|meeting|shake	рукопожатие: очень темный тон кожи средний тон кожи	встреча|договорились|очень темный тон кожи|руки|рукопожатие|согласие|соглашение|средний тон кожи
PEOPLE	🫱🏿‍🫲🏾		handshake: dark skin tone, medium-dark skin tone	agreement|dark skin tone|deal|hand|handshake|medium-dark skin tone|meeting|shake	рукопожатие: очень темный тон кожи темный тон кожи	встреча|договорились|очень темный тон кожи|руки|рукопожатие|согласие|соглашение|темный тон кожи
PEOPLE	🙏	🙏🏻 🙏🏼 🙏🏽 🙏🏾 🙏🏿	folded hands	appreciate|ask|beg|blessed|bow|cmon|five|folded|gesture|hand|high|please|pray|thanks|thx	сложенные руки	молитва|пожалуйста|просьба|прошу|руки|сложенные|спасибо|умолять
PEOPLE	✍️		writing hand	hand|write|writing	пишущая рука	бумага|написать|писать|письмо|пишет|пишу|пишущая|рука|ручка
PEOPLE	✍🏻		writing hand: light skin tone	hand|light skin tone|write|writing	пишущая рука: очень светлый тон кожи	бумага|написать|очень светлый тон кожи|писать|письмо|пишет|пишу|пишущая|рука|ручка
PEOPLE	✍🏼		writing hand: medium-light skin tone	hand|medium-light skin tone|write|writing	пишущая рука: светлый тон кожи	бумага|написать|писать|письмо|пишет|пишу|пишущая|рука|ручка|светлый тон кожи
PEOPLE	✍🏽		writing hand: medium skin tone	hand|medium skin tone|write|writing	пишущая рука: средний тон кожи	бумага|написать|писать|письмо|пишет|пишу|пишущая|рука|ручка|средний тон кожи
PEOPLE	✍🏾		writing hand: medium-dark skin tone	hand|medium-dark skin tone|write|writing	пишущая рука: темный тон кожи	бумага|написать|писать|письмо|пишет|пишу|пишущая|рука|ручка|темный тон кожи
PEOPLE	✍🏿		writing hand: dark skin tone	dark skin tone|hand|write|writing	пишущая рука: очень темный тон кожи	бумага|написать|очень темный тон кожи|писать|письмо|пишет|пишу|пишущая|рука|ручка
PEOPLE	💅	💅🏻 💅🏼 💅🏽 💅🏾 💅🏿	nail polish	bored|care|cosmetics|done|makeup|manicure|nail|polish|whatever	маникюр	готово|кисть|косметика|лак|ногти|пальцы|руки|скука|уход
PEOPLE	🤳	🤳🏻 🤳🏼 🤳🏽 🤳🏾 🤳🏿	selfie	camera|phone	селфи	снимок|телефон
PEOPLE	💪	💪🏻 💪🏼 💪🏽 💪🏾 💪🏿	flexed biceps	arm|beast|bench|biceps|bodybuilder|bro|curls|flex|gains|gym|jacked|muscle|press|ripped|strong|weightlift	бицепс	атлет|зал|качать|качок|мышцы|сила|спорт
PEOPLE	🦾		mechanical arm	accessibility|arm|mechanical|prosthetic	механическая рука	возможности|инвалид|инвалидность|механическая|ограниченные|протез|рука
PEOPLE	🦿		mechanical leg	accessibility|leg|mechanical|prosthetic	механическая нога	возможности|инвалид|инвалидность|механическая|нога|ограниченные|протез
PEOPLE	🦵	🦵🏻 🦵🏼 🦵🏽 🦵🏾 🦵🏿	leg	bent|foot|kick|knee|limb	нога	бедро|голень|колено|конечность|пинать|пинок|стопа
PEOPLE	🦶	🦶🏻 🦶🏼 🦶🏽 🦶🏾 🦶🏿	foot	ankle|feet|kick|stomp	щиколотка	лодыжка|нога|стопа|ступня
PEOPLE	👂	👂🏻 👂🏼 👂🏽 👂🏾 👂🏿	ear	body|ears|hear|hearing|listen|listening|sound	ухо	звук|подслушивать|слушать|слышать|тело|человек
PEOPLE	🦻	🦻🏻 🦻🏼 🦻🏽 🦻🏾 🦻🏿	ear with hearing aid	accessibility|aid|ear|hard|hearing	ухо со слуховым аппаратом	аппарат|возможности|глухота|ограниченные|слабослышащий|слух|слуховой|ухо
PEOPLE	👃	👃🏻 👃🏼 👃🏽 👃🏾 👃🏿	nose	body|noses|nosey|odor|smell|smells	нос	тело|человек
PEOPLE	🧠		brain	intelligent|smart	мозг	интеллект|разум|ум|умная|умный
PEOPLE	🫀		anatomical heart	anatomical|beat|cardiology|heart|heartbeat|organ|pulse|real|red	сердце человека	анатомия|кардиология|красный|орган|пульс|сердце|сердцебиение|человеческое
PEOPLE	🫁		lungs	breath|breathe|exhalation|inhalation|lung|organ|respiration	легкие	вдох|выдох|дыхание|дышать|легкое|орган
PEOPLE	🦷		tooth	dentist|pearly|teeth|white	зуб	белый|дантист|зубной|зубы|стоматолог
PEOPLE	🦴		bone	bones|dog|skeleton|wishbone	кость	костлявый|косточка|скелет|собака
PEOPLE	👀		eyes	body|eye|face|googly|look|looking|omg|peep|see|seeing	глаза	два|наблюдать|подглядывать|смотреть|тело|человек
PEOPLE	👁️		eye	1|body|one	глаз	зрачок|тело|человек
PEOPLE	👅		tongue	body|lick|slurp	язык	розовый|рот
PEOPLE	👄		mouth	beauty|body|kiss|kissing|lips|lipstick	рот	алые|губы|зубы|красные|накрашенные губы|помада
PEOPLE	🫦		biting lip	anxious|bite|biting|fear|flirt|flirting|kiss|lip|lipstick|nervous|sexy|uncomfortable|worried|worry	кусать губы	беспокоиться|беспокойство|волнение|губы|кусать|переживания|помада|укус|флирт
PEOPLE	👶	👶🏻 👶🏼 👶🏽 👶🏾 👶🏿	baby	babies|children|goo|infant|newborn|pregnant|young	младенец	дитя|карапуз|маленький|ребенок
PEOPLE	🧒	🧒🏻 🧒🏼 🧒🏽 🧒🏾 🧒🏿	child	bright-eyed|grandchild|kid|young|younger	ребенок	гендерно нейтральный|дитя|малыш
PEOPLE	👦	👦🏻 👦🏼 👦🏽 👦🏾 👦🏿	boy	bright-eyed|child|grandson|kid|son|young|younger	мальчик	дитя|маленький|малыш|ребенок|сын
PEOPLE	👧	👧🏻 👧🏼 👧🏽 👧🏾 👧🏿	girl	bright-eyed|child|daughter|granddaughter|kid|Virgo|young|younger|zodiac	девочка	дитя|маленькая|малышка|ребенок
PEOPLE	🧑	🧑🏻 🧑🏼 🧑🏽 🧑🏾 🧑🏿	person	adult	взрослый	гендерно нейтральный|совершеннолетний
PEOPLE	👱	👱🏻 👱🏼 👱🏽 👱🏾 👱🏿	person: blond hair	blond|blond-haired|human|person	человек со светлыми волосами	блондин|волосы|молодой|мужское лицо|мужчина|парень|светлые|человек
PEOPLE	👨	👨🏻 👨🏼 👨🏽 👨🏾 👨🏿	man	adult|bro	мужчина	брат|взрослый|друг|усы|человек
PEOPLE	🧔	🧔🏻 🧔🏼 🧔🏽 🧔🏾 🧔🏿	person: beard	beard|bearded|person|whiskers	бородатый человек	борода|бородач|мужчина
PEOPLE	🧔‍♂️	🧔🏻‍♂️ 🧔🏼‍♂️ 🧔🏽‍♂️ 🧔🏾‍♂️ 🧔🏿‍♂️	man: beard	beard|bearded|man|whiskers	бородатый мужчина	борода|мужчина
PEOPLE	🧔‍♀️	🧔🏻‍♀️ 🧔🏼‍♀️ 🧔🏽‍♀️ 🧔🏾‍♀️ 🧔🏿‍♀️	woman: beard	beard|bearded|whiskers|woman	бородатая женщина	борода|женщина
PEOPLE	👨‍🦰	👨🏻‍🦰 👨🏼‍🦰 👨🏽‍🦰 👨🏾‍🦰 👨🏿‍🦰	man: red hair	adult|bro|man|red hair	мужчина: рыжие волосы	брат|взрослый|друг|мужчина|рыжие волосы|усы|человек
PEOPLE	👨‍🦱	👨🏻‍🦱 👨🏼‍🦱 👨🏽‍🦱 👨🏾‍🦱 👨🏿‍🦱	man: curly hair	adult|bro|curly hair|man	мужчина: кудрявые волосы	брат|взрослый|друг|кудрявые волосы|мужчина|усы|человек
PEOPLE	👨‍🦳	👨🏻‍🦳 👨🏼‍🦳 👨🏽‍🦳 👨🏾‍🦳 👨🏿‍🦳	man: white hair	adult|bro|man|white hair	мужчина: седые волосы	брат|взрослый|друг|мужчина|седые волосы|усы|человек
PEOPLE	👨‍🦲	👨🏻‍🦲 👨🏼‍🦲 👨🏽‍🦲 👨🏾‍🦲 👨🏿‍🦲	man: bald	adult|bald|bro|man	мужчина: без волос	без волос|брат|взрослый|друг|мужчина|усы|человек
PEOPLE	👩	👩🏻 👩🏼 👩🏽 👩🏾 👩🏿	woman	adult|lady	женщина	взрослая|волосы|девушка|длинные|леди|человек
PEOPLE	👩‍🦰	👩🏻‍🦰 👩🏼‍🦰 👩🏽‍🦰 👩🏾‍🦰 👩🏿‍🦰	woman: red hair	adult|lady|red hair|woman	женщина: рыжие волосы	взрослая|волосы|девушка|длинные|женщина|леди|рыжие волосы|человек
PEOPLE	🧑‍🦰	🧑🏻‍🦰 🧑🏼‍🦰 🧑🏽‍🦰 🧑🏾‍🦰 🧑🏿‍🦰	person: red hair	adult|person|red hair	взрослый: рыжие волосы	взрослый|гендерно нейтральный|рыжие волосы|совершеннолетний
PEOPLE	👩‍🦱	👩🏻‍🦱 👩🏼‍🦱 👩🏽‍🦱 👩🏾‍🦱 👩🏿‍🦱	woman: curly hair	adult|curly hair|lady|woman	женщина: кудрявые волосы	взрослая|волосы|девушка|длинные|женщина|кудрявые волосы|леди|человек
PEOPLE	🧑‍🦱	🧑🏻‍🦱 🧑🏼‍🦱 🧑🏽‍🦱 🧑🏾‍🦱 🧑🏿‍🦱	person: curly hair	adult|curly hair|person	взрослый: кудрявые волосы	взрослый|гендерно нейтральный|кудрявые волосы|совершеннолетний
PEOPLE	👩‍🦳	👩🏻‍🦳 👩🏼‍🦳 👩🏽‍🦳 👩🏾‍🦳 👩🏿‍🦳	woman: white hair	adult|lady|white hair|woman	женщина: седые волосы	взрослая|волосы|девушка|длинные|женщина|леди|седые волосы|человек
PEOPLE	🧑‍🦳	🧑🏻‍🦳 🧑🏼‍🦳 🧑🏽‍🦳 🧑🏾‍🦳 🧑🏿‍🦳	person: white hair	adult|person|white hair	взрослый: седые волосы	взрослый|гендерно нейтральный|седые волосы|совершеннолетний
PEOPLE	👩‍🦲	👩🏻‍🦲 👩🏼‍🦲 👩🏽‍🦲 👩🏾‍🦲 👩🏿‍🦲	woman: bald	adult|bald|lady|woman	женщина: без волос	без волос|взрослая|волосы|девушка|длинные|женщина|леди|человек
PEOPLE	🧑‍🦲	🧑🏻‍🦲 🧑🏼‍🦲 🧑🏽‍🦲 🧑🏾‍🦲 🧑🏿‍🦲	person: bald	adult|bald|person	взрослый: без волос	без волос|взрослый|гендерно нейтральный|совершеннолетний
PEOPLE	👱‍♀️	👱🏻‍♀️ 👱🏼‍♀️ 👱🏽‍♀️ 👱🏾‍♀️ 👱🏿‍♀️	woman: blond hair	blond|blond-haired|blonde|hair|woman	блондинка	женщина|женщина со светлыми волосами|светлые волосы|человек со светлыми волосами
PEOPLE	👱‍♂️	👱🏻‍♂️ 👱🏼‍♂️ 👱🏽‍♂️ 👱🏾‍♂️ 👱🏿‍♂️	man: blond hair	blond|blond-haired|hair|man	блондин	мужчина|мужчина со светлыми волосами|светлые волосы|человек со светлыми волосами
PEOPLE	🧓	🧓🏻 🧓🏼 🧓🏽 🧓🏾 🧓🏿	older person	adult|elderly|grandparent|old|person|wise	пожилой человек	в возрасте|гендерно нейтральный|пожилой|старый
PEOPLE	👴	👴🏻 👴🏼 👴🏽 👴🏾 👴🏿	old man	adult|bald|elderly|gramps|grandfather|grandpa|man|old|wise	пожилой мужчина	возраст|годы|дедушка|мужчина|пожилой|старик|старый|человек
PEOPLE	👵	👵🏻 👵🏼 👵🏽 👵🏾 👵🏿	old woman	adult|elderly|grandma|grandmother|granny|lady|old|wise|woman	пожилая женщина	бабушка|женщина|пожилая|старая|старуха|старушка|человек
PEOPLE	🙍	🙍🏻 🙍🏼 🙍🏽 🙍🏾 🙍🏿	person frowning	annoyed|disappointed|disgruntled|disturbed|frown|frowning|frustrated|gesture|irritated|person|upset	нахмурившийся человек	грустит|грусть|грущу|лицо|обида|печаль|расстроен|хмурый|человек
PEOPLE	🙍‍♂️	🙍🏻‍♂️ 🙍🏼‍♂️ 🙍🏽‍♂️ 🙍🏾‍♂️ 🙍🏿‍♂️	man frowning	annoyed|disappointed|disgruntled|disturbed|frown|frowning|frustrated|gesture|irritated|man|upset	нахмурившийся мужчина	мужчина|расстроен|хмурый|человек
PEOPLE	🙍‍♀️	🙍🏻‍♀️ 🙍🏼‍♀️ 🙍🏽‍♀️ 🙍🏾‍♀️ 🙍🏿‍♀️	woman frowning	annoyed|disappointed|disgruntled|disturbed|frown|frowning|frustrated|gesture|irritated|upset|woman	нахмурившаяся женщина	женщина|расстроена|хмурая|человек
PEOPLE	🙎	🙎🏻 🙎🏼 🙎🏽 🙎🏾 🙎🏿	person pouting	disappointed|downtrodden|frown|grimace|person|pouting|scowl|sulk|upset|whine	обиженный человек	губы|зла|зол|надоело|надуть|обижен|огорчен|раздражение|разочарование|расстроен
PEOPLE	🙎‍♂️	🙎🏻‍♂️ 🙎🏼‍♂️ 🙎🏽‍♂️ 🙎🏾‍♂️ 🙎🏿‍♂️	man pouting	disappointed|downtrodden|frown|grimace|man|pouting|scowl|sulk|upset|whine	обиженный мужчина	губы|зол|надуть|обида|обижен|огорчен|разочарован|расстроен|хмурый
PEOPLE	🙎‍♀️	🙎🏻‍♀️ 🙎🏼‍♀️ 🙎🏽‍♀️ 🙎🏾‍♀️ 🙎🏿‍♀️	woman pouting	disappointed|downtrodden|frown|grimace|pouting|scowl|sulk|upset|whine|woman	обиженная женщина	недовольство|обида|обиженная
PEOPLE	🙅	🙅🏻 🙅🏼 🙅🏽 🙅🏾 🙅🏿	person gesturing NO	forbidden|gesture|hand|NO|not|person|prohibit	человек против	возражаю|жест|запрет|нельзя|нет|отказ|против|хватит
PEOPLE	🙅‍♂️	🙅🏻‍♂️ 🙅🏼‍♂️ 🙅🏽‍♂️ 🙅🏾‍♂️ 🙅🏿‍♂️	man gesturing NO	forbidden|gesture|hand|man|NO|not|prohibit	мужчина против	возражение|жест|запрет|мужчина|нельзя|нет|отказ|против|хватит
PEOPLE	🙅‍♀️	🙅🏻‍♀️ 🙅🏼‍♀️ 🙅🏽‍♀️ 🙅🏾‍♀️ 🙅🏿‍♀️	woman gesturing NO	forbidden|gesture|hand|NO|not|prohibit|woman	женщина против	женщина|жест|запрещено|нельзя|руки
PEOPLE	🙆	🙆🏻 🙆🏼 🙆🏽 🙆🏾 🙆🏿	person gesturing OK	exercise|gesture|gesturing|hand|OK|omg|person	человек за	вверх|домик|за|зарядка|окей|омг|отлично|руки|хорошо
PEOPLE	🙆‍♂️	🙆🏻‍♂️ 🙆🏼‍♂️ 🙆🏽‍♂️ 🙆🏾‍♂️ 🙆🏿‍♂️	man gesturing OK	exercise|gesture|gesturing|hand|man|OK|omg	мужчина за	вверх|жест|за|зарядка|мужчина|окей|омг|отлично|руки|хорошо
PEOPLE	🙆‍♀️	🙆🏻‍♀️ 🙆🏼‍♀️ 🙆🏽‍♀️ 🙆🏾‍♀️ 🙆🏿‍♀️	woman gesturing OK	exercise|gesture|gesturing|hand|OK|omg|woman	женщина за	женщина|жест|ок|окей|отлично|руки
PEOPLE	💁	💁🏻 💁🏼 💁🏽 💁🏾 💁🏿	person tipping hand	fetch|flick|flip|gossip|hand|person|sarcasm|sarcastic|sassy|seriously|tipping|whatever	человек тянет руку	выдать|жест|знаю|информацию|не|себе|секрет|сплетни|так
PEOPLE	💁‍♂️	💁🏻‍♂️ 💁🏼‍♂️ 💁🏽‍♂️ 💁🏾‍♂️ 💁🏿‍♂️	man tipping hand	fetch|flick|flip|gossip|hand|man|sarcasm|sarcastic|sassy|seriously|tipping|whatever	мужчина тянет руку	выдать|жест|знаю|информацию|мужчина|не|себе|секрет|сплетни|так
PEOPLE	💁‍♀️	💁🏻‍♀️ 💁🏼‍♀️ 💁🏽‍♀️ 💁🏾‍♀️ 💁🏿‍♀️	woman tipping hand	fetch|flick|flip|gossip|hand|sarcasm|sarcastic|sassy|seriously|tipping|whatever|woman	женщина тянет руку	информация|помощь|рука
PEOPLE	🙋	🙋🏻 🙋🏼 🙋🏽 🙋🏾 🙋🏿	person raising hand	gesture|hand|here|know|me|person|pick|question|raise|raising	человек с поднятой рукой	вопрос|задать|знаю|ответить|поднять|руку|сказать|спросить|хочу
PEOPLE	🙋‍♂️	🙋🏻‍♂️ 🙋🏼‍♂️ 🙋🏽‍♂️ 🙋🏾‍♂️ 🙋🏿‍♂️	man raising hand	gesture|hand|here|know|man|me|pick|question|raise|raising	мужчина с поднятой рукой	вопрос|задать|знаю|ответить|поднять|руку|сказать|спросить|хочу
PEOPLE	🙋‍♀️	🙋🏻‍♀️ 🙋🏼‍♀️ 🙋🏽‍♀️ 🙋🏾‍♀️ 🙋🏿‍♀️	woman raising hand	gesture|hand|here|know|me|pick|question|raise|raising|woman	женщина с поднятой рукой	женщина|жест|поднятая рука|рука
PEOPLE	🧏	🧏🏻 🧏🏼 🧏🏽 🧏🏾 🧏🏿	deaf person	accessibility|deaf|ear|gesture|hear|person	глухой человек	глухой|жестов|немой|слышать|сурдопереводчик|ухо|язык
PEOPLE	🧏‍♂️	🧏🏻‍♂️ 🧏🏼‍♂️ 🧏🏽‍♂️ 🧏🏾‍♂️ 🧏🏿‍♂️	deaf man	accessibility|deaf|ear|gesture|hear|man	глухой мужчина	глухой|глухота|мужчина
PEOPLE	🧏‍♀️	🧏🏻‍♀️ 🧏🏼‍♀️ 🧏🏽‍♀️ 🧏🏾‍♀️ 🧏🏿‍♀️	deaf woman	accessibility|deaf|ear|gesture|hear|woman	глухая женщина	глухая|глухота|женщина
PEOPLE	🙇	🙇🏻 🙇🏼 🙇🏽 🙇🏾 🙇🏿	person bowing	apology|ask|beg|bow|bowing|favor|forgive|gesture|meditate|meditation|person|pity|regret|sorry	человек кланяется	виноват|жаль|извини|пожалуйста|поклон|прости|прошу|прощения|стыд
PEOPLE	🙇‍♂️	🙇🏻‍♂️ 🙇🏼‍♂️ 🙇🏽‍♂️ 🙇🏾‍♂️ 🙇🏿‍♂️	man bowing	apology|ask|beg|bow|bowing|favor|forgive|gesture|man|meditate|meditation|pity|regret|sorry	мужчина кланяется	извинение|мужчина|поклон|просьба|прощение
PEOPLE	🙇‍♀️	🙇🏻‍♀️ 🙇🏼‍♀️ 🙇🏽‍♀️ 🙇🏾‍♀️ 🙇🏿‍♀️	woman bowing	apology|ask|beg|bow|bowing|favor|forgive|gesture|meditate|meditation|pity|regret|sorry|woman	женщина кланяется	виновата|жаль|извини|пожалуйста|поклон|прости|прошу|прощения|стыд
PEOPLE	🤦	🤦🏻 🤦🏼 🤦🏽 🤦🏾 🤦🏿	person facepalming	again|bewilder|disbelief|exasperation|facepalm|no|not|oh|omg|person|shock|smh	человек потерял дар речи	надоело|нет|омг|позор|раздражение|слов|фейспалм|хватит
PEOPLE	🤦‍♂️	🤦🏻‍♂️ 🤦🏼‍♂️ 🤦🏽‍♂️ 🤦🏾‍♂️ 🤦🏿‍♂️	man facepalming	again|bewilder|disbelief|exasperation|facepalm|man|no|not|oh|omg|shock|smh	мужчина потерял дар речи	мужчина|надоело|нет|омг|позор|раздражение|слов|фейспалм|хватит
PEOPLE	🤦‍♀️	🤦🏻‍♀️ 🤦🏼‍♀️ 🤦🏽‍♀️ 🤦🏾‍♀️ 🤦🏿‍♀️	woman facepalming	again|bewilder|disbelief|exasperation|facepalm|no|not|oh|omg|shock|smh|woman	женщина потеряла дар речи	женщина|надоело|нет|омг|позор|раздражение|слов|фейспалм|хватит
PEOPLE	🤷	🤷🏻 🤷🏼 🤷🏽 🤷🏾 🤷🏿	person shrugging	doubt|dunno|guess|idk|ignorance|indifference|knows|maybe|person|shrug|shrugging|whatever|who	человек пожимает плечами	все|может|плечами|пожимает|равно|равнодушие|сомнение|человек
PEOPLE	🤷‍♂️	🤷🏻‍♂️ 🤷🏼‍♂️ 🤷🏽‍♂️ 🤷🏾‍♂️ 🤷🏿‍♂️	man shrugging	doubt|dunno|guess|idk|ignorance|indifference|knows|man|maybe|shrug|shrugging|whatever|who	мужчина пожимает плечами	все|может|мужчина|плечами|пожимает|равно|равнодушие|сомнение
PEOPLE	🤷‍♀️	🤷🏻‍♀️ 🤷🏼‍♀️ 🤷🏽‍♀️ 🤷🏾‍♀️ 🤷🏿‍♀️	woman shrugging	doubt|dunno|guess|idk|ignorance|indifference|knows|maybe|shrug|shrugging|whatever|who|woman	женщина пожимает плечами	все|женщина|может|плечами|пожимает|равно|равнодушие|сомнение
PEOPLE	🧑‍⚕️	🧑🏻‍⚕️ 🧑🏼‍⚕️ 🧑🏽‍⚕️ 🧑🏾‍⚕️ 🧑🏿‍⚕️	health worker	doctor|health|healthcare|nurse|therapist|worker	медицинский работник	врач|доктор|медбрат|медицина|медсестра|терапевт
PEOPLE	👨‍⚕️	👨🏻‍⚕️ 👨🏼‍⚕️ 👨🏽‍⚕️ 👨🏾‍⚕️ 👨🏿‍⚕️	man health worker	doctor|health|healthcare|man|nurse|therapist|worker	врач	доктор|медбрат|мужчина|терапевт
PEOPLE	👩‍⚕️	👩🏻‍⚕️ 👩🏼‍⚕️ 👩🏽‍⚕️ 👩🏾‍⚕️ 👩🏿‍⚕️	woman health worker	doctor|health|healthcare|nurse|therapist|woman|worker	женщина-врач	врач|доктор|докторка|докторша|женщина|медсестра
PEOPLE	🧑‍🎓	🧑🏻‍🎓 🧑🏼‍🎓 🧑🏽‍🎓 🧑🏾‍🎓 🧑🏿‍🎓	student	graduate	учащийся	бакалавр|выпускник|студент
PEOPLE	👨‍🎓	👨🏻‍🎓 👨🏼‍🎓 👨🏽‍🎓 👨🏾‍🎓 👨🏿‍🎓	man student	graduate|man|student	студент	бакалавр|вуз|выпуск|выпускник|мужчина|образование|университет|учеба
PEOPLE	👩‍🎓	👩🏻‍🎓 👩🏼‍🎓 👩🏽‍🎓 👩🏾‍🎓 👩🏿‍🎓	woman student	graduate|student|woman	студентка	аспирантка|выпускница|девушка|женщина
PEOPLE	🧑‍🏫	🧑🏻‍🏫 🧑🏼‍🏫 🧑🏽‍🏫 🧑🏾‍🏫 🧑🏿‍🏫	teacher	instructor|lecturer|professor	педагог	инструктор|преподаватель|профессор|учитель
PEOPLE	👨‍🏫	👨🏻‍🏫 👨🏼‍🏫 👨🏽‍🏫 👨🏾‍🏫 👨🏿‍🏫	man teacher	instructor|lecturer|man|professor|teacher	учитель	инструктор|мужчина|преподаватель|профессор
PEOPLE	👩‍🏫	👩🏻‍🏫 👩🏼‍🏫 👩🏽‍🏫 👩🏾‍🏫 👩🏿‍🏫	woman teacher	instructor|lecturer|professor|teacher|woman	учительница	женщина|инструктор|лектор|преподаватель|профессор
PEOPLE	🧑‍⚖️	🧑🏻‍⚖️ 🧑🏼‍⚖️ 🧑🏽‍⚖️ 🧑🏾‍⚖️ 🧑🏿‍⚖️	judge	justice|law|scales	судья	весы|правосудие|фемида
PEOPLE	👨‍⚖️	👨🏻‍⚖️ 👨🏼‍⚖️ 👨🏽‍⚖️ 👨🏾‍⚖️ 👨🏿‍⚖️	man judge	judge|justice|law|man|scales	мужчина-судья	закон|мужчина|правосудие|справедливый|суд|судья
PEOPLE	👩‍⚖️	👩🏻‍⚖️ 👩🏼‍⚖️ 👩🏽‍⚖️ 👩🏾‍⚖️ 👩🏿‍⚖️	woman judge	judge|justice|law|scales|woman	женщина-судья	женщина|закон|правосудие|справедливая|справедливость|суд|судья
PEOPLE	🧑‍🌾	🧑🏻‍🌾 🧑🏼‍🌾 🧑🏽‍🌾 🧑🏾‍🌾 🧑🏿‍🌾	farmer	gardener|rancher	фермер	дачник|садовник|скотовод
PEOPLE	👨‍🌾	👨🏻‍🌾 👨🏼‍🌾 👨🏽‍🌾 👨🏾‍🌾 👨🏿‍🌾	man farmer	farmer|gardener|man|rancher	мужчина-фермер	вилы|дачник|мужчина|огород|садовник|сено|соломенная|урожай|шляпа
PEOPLE	👩‍🌾	👩🏻‍🌾 👩🏼‍🌾 👩🏽‍🌾 👩🏾‍🌾 👩🏿‍🌾	woman farmer	farmer|gardener|rancher|woman	женщина-фермер	вилы|дачница|женщина|огород|садовница|сено|соломенная|урожай|шляпа
PEOPLE	🧑‍🍳	🧑🏻‍🍳 🧑🏼‍🍳 🧑🏽‍🍳 🧑🏾‍🍳 🧑🏿‍🍳	cook	chef	повар	шеф|шеф-повар
PEOPLE	👨‍🍳	👨🏻‍🍳 👨🏼‍🍳 👨🏽‍🍳 👨🏾‍🍳 👨🏿‍🍳	man cook	chef|cook|man	мужчина-повар	готовить|еда|мужчина|повар|шеф
PEOPLE	👩‍🍳	👩🏻‍🍳 👩🏼‍🍳 👩🏽‍🍳 👩🏾‍🍳 👩🏿‍🍳	woman cook	chef|cook|woman	повариха	готовить|еда|женщина|кухарка|повар|шеф
PEOPLE	🧑‍🔧	🧑🏻‍🔧 🧑🏼‍🔧 🧑🏽‍🔧 🧑🏾‍🔧 🧑🏿‍🔧	mechanic	electrician|plumber|tradesperson	механик	сантехник|специалист|электрик
PEOPLE	👨‍🔧	👨🏻‍🔧 👨🏼‍🔧 👨🏽‍🔧 👨🏾‍🔧 👨🏿‍🔧	man mechanic	electrician|man|mechanic|plumber|tradesperson	мужчина-механик	механик|мужчина|сантехник|электрик
PEOPLE	👩‍🔧	👩🏻‍🔧 👩🏼‍🔧 👩🏽‍🔧 👩🏾‍🔧 👩🏿‍🔧	woman mechanic	electrician|mechanic|plumber|tradesperson|woman	женщина-механик	женщина|механик|сантехник|электрик
PEOPLE	🧑‍🏭	🧑🏻‍🏭 🧑🏼‍🏭 🧑🏽‍🏭 🧑🏾‍🏭 🧑🏿‍🏭	factory worker	assembly|factory|industrial|worker	рабочий	завод|промышленность
PEOPLE	👨‍🏭	👨🏻‍🏭 👨🏼‍🏭 👨🏽‍🏭 👨🏾‍🏭 👨🏿‍🏭	man factory worker	assembly|factory|industrial|man|worker	мужчина-рабочий	завод|мужчина|промышленность|рабочий
PEOPLE	👩‍🏭	👩🏻‍🏭 👩🏼‍🏭 👩🏽‍🏭 👩🏾‍🏭 👩🏿‍🏭	woman factory worker	assembly|factory|industrial|woman|worker	работница	женщина|завод|инженер|промышленность|рабочий|строитель
PEOPLE	🧑‍💼	🧑🏻‍💼 🧑🏼‍💼 🧑🏽‍💼 🧑🏾‍💼 🧑🏿‍💼	office worker	architect|business|manager|office|white-collar|worker	офисный работник	белый воротничок|бизнес|менеджер|офис
PEOPLE	👨‍💼	👨🏻‍💼 👨🏼‍💼 👨🏽‍💼 👨🏾‍💼 👨🏿‍💼	man office worker	architect|business|man|manager|office|white-collar|worker	офисный работник - мужчина	белый|бизнесмен|воротничок|галстук|менеджер|мужчина|офисный|работник
PEOPLE	👩‍💼	👩🏻‍💼 👩🏼‍💼 👩🏽‍💼 👩🏾‍💼 👩🏿‍💼	woman office worker	architect|business|manager|office|white-collar|woman|worker	офисная работница	бизнес|деловая|женщина|офис|работница|секретарь
PEOPLE	🧑‍🔬	🧑🏻‍🔬 🧑🏼‍🔬 🧑🏽‍🔬 🧑🏾‍🔬 🧑🏿‍🔬	scientist	biologist|chemist|engineer|mathematician|physicist	ученый	биолог|инженер|наука|физик|химик
PEOPLE	👨‍🔬	👨🏻‍🔬 👨🏼‍🔬 👨🏽‍🔬 👨🏾‍🔬 👨🏿‍🔬	man scientist	biologist|chemist|engineer|man|mathematician|physicist|scientist	мужчина-ученый	биолог|инженер|мужчина|наука|ученый|химик
PEOPLE	👩‍🔬	👩🏻‍🔬 👩🏼‍🔬 👩🏽‍🔬 👩🏾‍🔬 👩🏿‍🔬	woman scientist	biologist|chemist|engineer|mathematician|physicist|scientist|woman	ученая	биология|женщина|инженер|математик|наука|химия
PEOPLE	🧑‍💻	🧑🏻‍💻 🧑🏼‍💻 🧑🏽‍💻 🧑🏾‍💻 🧑🏿‍💻	technologist	coder|computer|developer|inventor|software	инженер	ноутбук|программист|разработчик|технарь
PEOPLE	👨‍💻	👨🏻‍💻 👨🏼‍💻 👨🏽‍💻 👨🏾‍💻 👨🏿‍💻	man technologist	coder|computer|developer|inventor|man|software|technologist	мужчина-инженер	инженер|мужчина|ноутбук|программист|разработчик|технарь
PEOPLE	👩‍💻	👩🏻‍💻 👩🏼‍💻 👩🏽‍💻 👩🏾‍💻 👩🏿‍💻	woman technologist	coder|computer|developer|inventor|software|technologist|woman	женщина-инженер	женщина|инженер|код|компьютер|ноутбук|программистка|разработчица|технарь
PEOPLE	🧑‍🎤	🧑🏻‍🎤 🧑🏼‍🎤 🧑🏽‍🎤 🧑🏾‍🎤 🧑🏿‍🎤	singer	actor|entertainer|rock|rockstar|star	певец	актер|звезда|пение|развлечения|рок
PEOPLE	👨‍🎤	👨🏻‍🎤 👨🏼‍🎤 👨🏽‍🎤 👨🏾‍🎤 👨🏿‍🎤	man singer	actor|entertainer|man|rock|rockstar|singer|star	мужчина-певец	жест|звезда|исполнитель|коза|мужчина|музыка|певец|рок|сцена
PEOPLE	👩‍🎤	👩🏻‍🎤 👩🏼‍🎤 👩🏽‍🎤 👩🏾‍🎤 👩🏿‍🎤	woman singer	actor|entertainer|rock|rockstar|singer|star|woman	певица	женщина|жест|звезда|исполнительница|коза|музыка|рок|сцена
PEOPLE	🧑‍🎨	🧑🏻‍🎨 🧑🏼‍🎨 🧑🏽‍🎨 🧑🏾‍🎨 🧑🏿‍🎨	artist	palette	художник	кисти|палитра
PEOPLE	👨‍🎨	👨🏻‍🎨 👨🏼‍🎨 👨🏽‍🎨 👨🏾‍🎨 👨🏿‍🎨	man artist	artist|man|palette	мужчина-художник	кисти|краски|мужчина|палитра|художник
PEOPLE	👩‍🎨	👩🏻‍🎨 👩🏼‍🎨 👩🏽‍🎨 👩🏾‍🎨 👩🏿‍🎨	woman artist	artist|palette|woman	художница	арт|галерея|женщина|живопись|картины|краски|рисование|творчество
PEOPLE	🧑‍✈️	🧑🏻‍✈️ 🧑🏼‍✈️ 🧑🏽‍✈️ 🧑🏾‍✈️ 🧑🏿‍✈️	pilot	plane	пилот	летчик|самолет
PEOPLE	👨‍✈️	👨🏻‍✈️ 👨🏼‍✈️ 👨🏽‍✈️ 👨🏾‍✈️ 👨🏿‍✈️	man pilot	man|pilot|plane	мужчина-пилот	мужчина|пилот|самолет
PEOPLE	👩‍✈️	👩🏻‍✈️ 👩🏼‍✈️ 👩🏽‍✈️ 👩🏾‍✈️ 👩🏿‍✈️	woman pilot	pilot|plane|woman	женщина-пилот	женщина|пилот|самолет
PEOPLE	🧑‍🚀	🧑🏻‍🚀 🧑🏼‍🚀 🧑🏽‍🚀 🧑🏾‍🚀 🧑🏿‍🚀	astronaut	rocket|space	космонавт	астронавт|ракета
PEOPLE	👨‍🚀	👨🏻‍🚀 👨🏼‍🚀 👨🏽‍🚀 👨🏾‍🚀 👨🏿‍🚀	man astronaut	astronaut|man|rocket|space	мужчина-космонавт	астронавт|космонавт|космос|мужчина
PEOPLE	👩‍🚀	👩🏻‍🚀 👩🏼‍🚀 👩🏽‍🚀 👩🏾‍🚀 👩🏿‍🚀	woman astronaut	astronaut|rocket|space|woman	женщина-космонавт	астронавт|женщина|корабль|космонавт|пилот|скафандр
PEOPLE	🧑‍🚒	🧑🏻‍🚒 🧑🏼‍🚒 🧑🏽‍🚒 🧑🏾‍🚒 🧑🏿‍🚒	firefighter	fire|firetruck	пожарный	пожарная машина
PEOPLE	👨‍🚒	👨🏻‍🚒 👨🏼‍🚒 👨🏽‍🚒 👨🏾‍🚒 👨🏿‍🚒	man firefighter	fire|firefighter|firetruck|man	мужчина-пожарный	мужчина|огонь|пожарный|профессия|спасатель|тушить
PEOPLE	👩‍🚒	👩🏻‍🚒 👩🏼‍🚒 👩🏽‍🚒 👩🏾‍🚒 👩🏿‍🚒	woman firefighter	fire|firefighter|firetruck|woman	женщина-пожарный	женщина|огонь|пожарная|профессия|спасательница|тушить
PEOPLE	👮	👮🏻 👮🏼 👮🏽 👮🏾 👮🏿	police officer	apprehend|arrest|citation|cop|law|officer|over|police|pulled|undercover	полицейский	блюститель|закон|коп|милиция|органы|порядка|правоохранительные
PEOPLE	👮‍♂️	👮🏻‍♂️ 👮🏼‍♂️ 👮🏽‍♂️ 👮🏾‍♂️ 👮🏿‍♂️	man police officer	apprehend|arrest|citation|cop|law|man|officer|over|police|pulled|undercover	мужчина-полицейский	лицо|мужчина|охрана|полицейский|полиция|человек
PEOPLE	👮‍♀️	👮🏻‍♀️ 👮🏼‍♀️ 👮🏽‍♀️ 👮🏾‍♀️ 👮🏿‍♀️	woman police officer	apprehend|arrest|citation|cop|law|officer|over|police|pulled|undercover|woman	женщина-полицейский	блюстительница|закон|коп|милиция|органы|полицейская|порядка|правоохранительные
PEOPLE	🕵️		detective	sleuth|spy	детектив	ищейка|расследование|сыщик|шпион
PEOPLE	🕵🏻		detective: light skin tone	detective|light skin tone|sleuth|spy	детектив: очень светлый тон кожи	детектив|ищейка|очень светлый тон кожи|расследование|сыщик|шпион
PEOPLE	🕵🏼		detective: medium-light skin tone	detective|medium-light skin tone|sleuth|spy	детектив: светлый тон кожи	детектив|ищейка|расследование|светлый тон кожи|сыщик|шпион
PEOPLE	🕵🏽		detective: medium skin tone	detective|medium skin tone|sleuth|spy	детектив: средний тон кожи	детектив|ищейка|расследование|средний тон кожи|сыщик|шпион
PEOPLE	🕵🏾		detective: medium-dark skin tone	detective|medium-dark skin tone|sleuth|spy	детектив: темный тон кожи	детектив|ищейка|расследование|сыщик|темный тон кожи|шпион
PEOPLE	🕵🏿		detective: dark skin tone	dark skin tone|detective|sleuth|spy	детектив: очень темный тон кожи	детектив|ищейка|очень темный тон кожи|расследование|сыщик|шпион
PEOPLE	🕵️‍♂️		man detective	detective|man|sleuth|spy	мужчина-детектив	детектив|ищейка|мужчина|расследование|сыщик|шпион
PEOPLE	🕵🏻‍♂️		man detective: light skin tone	detective|light skin tone|man|sleuth|spy	мужчина-детектив: очень светлый тон кожи	детектив|ищейка|мужчина|мужчина-детектив|очень светлый тон кожи|расследование|сыщик|шпион
PEOPLE	🕵🏼‍♂️		man detective: medium-light skin tone	detective|man|medium-light skin tone|sleuth|spy	мужчина-детектив: светлый тон кожи	детектив|ищейка|мужчина|мужчина-детектив|расследование|светлый тон кожи|сыщик|шпион
PEOPLE	🕵🏽‍♂️		man detective: medium skin tone	detective|man|medium skin tone|sleuth|spy	мужчина-детектив: средний тон кожи	детектив|ищейка|мужчина|мужчина-детектив|расследование|средний тон кожи|сыщик|шпион
PEOPLE	🕵🏾‍♂️		man detective: medium-dark skin tone	detective|man|medium-dark skin tone|sleuth|spy	мужчина-детектив: темный тон кожи	детектив|ищейка|мужчина|мужчина-детектив|расследование|сыщик|темный тон кожи|шпион
PEOPLE	🕵🏿‍♂️		man detective: dark skin tone	dark skin tone|detective|man|sleuth|spy	мужчина-детектив: очень темный тон кожи	детектив|ищейка|мужчина|мужчина-детектив|очень темный тон кожи|расследование|сыщик|шпион
PEOPLE	🕵️‍♀️		woman detective	detective|sleuth|spy|woman	женщина-детектив	детектив|женщина|ищейка|расследование|сыщик|шпионка
PEOPLE	🕵🏻‍♀️		woman detective: light skin tone	detective|light skin tone|sleuth|spy|woman	женщина-детектив: очень светлый тон кожи	детектив|женщина|женщина-детектив|ищейка|очень светлый тон кожи|расследование|сыщик|шпионка
PEOPLE	🕵🏼‍♀️		woman detective: medium-light skin tone	detective|medium-light skin tone|sleuth|spy|woman	женщина-детектив: светлый тон кожи	детектив|женщина|женщина-детектив|ищейка|расследование|светлый тон кожи|сыщик|шпионка
PEOPLE	🕵🏽‍♀️		woman detective: medium skin tone	detective|medium skin tone|sleuth|spy|woman	женщина-детектив: средний тон кожи	детектив|женщина|женщина-детектив|ищейка|расследование|средний тон кожи|сыщик|шпионка
PEOPLE	🕵🏾‍♀️		woman detective: medium-dark skin tone	detective|medium-dark skin tone|sleuth|spy|woman	женщина-детектив: темный тон кожи	детектив|женщина|женщина-детектив|ищейка|расследование|сыщик|темный тон кожи|шпионка
PEOPLE	🕵🏿‍♀️		woman detective: dark skin tone	dark skin tone|detective|sleuth|spy|woman	женщина-детектив: очень темный тон кожи	детектив|женщина|женщина-детектив|ищейка|очень темный тон кожи|расследование|сыщик|шпионка
PEOPLE	💂	💂🏻 💂🏼 💂🏽 💂🏾 💂🏿	guard	buckingham|helmet|london|palace	гвардеец	гвардия|караул|охрана|почетный|солдат|шапка|шлем
PEOPLE	💂‍♂️	💂🏻‍♂️ 💂🏼‍♂️ 💂🏽‍♂️ 💂🏾‍♂️ 💂🏿‍♂️	man guard	buckingham|guard|helmet|london|man|palace	мужчина-гвардеец	гвардия|мужчина|охрана|почетный караул|солдат
PEOPLE	💂‍♀️	💂🏻‍♀️ 💂🏼‍♀️ 💂🏽‍♀️ 💂🏾‍♀️ 💂🏿‍♀️	woman guard	buckingham|guard|helmet|london|palace|woman	женщина-гвардеец	букингемский|гвардеец|дворец|женщина|караул|королева|лондон|почетный|стража
PEOPLE	🥷	🥷🏻 🥷🏼 🥷🏽 🥷🏾 🥷🏿	ninja	assassin|fight|fighter|hidden|person|secret|skills|sly|soldier|stealth|war	ниндзя	воин|диверсант|синоби|скрытный|солдат|убийца|человек|шпион
PEOPLE	👷	👷🏻 👷🏼 👷🏽 👷🏾 👷🏿	construction worker	build|construction|fix|hardhat|hat|man|person|rebuild|remodel|repair|work|worker	строитель	инженер|каска|лицо|рабочий|ремонт|ремонтник|строить|стройка
PEOPLE	👷‍♂️	👷🏻‍♂️ 👷🏼‍♂️ 👷🏽‍♂️ 👷🏾‍♂️ 👷🏿‍♂️	man construction worker	build|construction|fix|hardhat|hat|man|rebuild|remodel|repair|work|worker	мужчина-строитель	инженер|каска|мужчина|рабочий|строитель|стройка
PEOPLE	👷‍♀️	👷🏻‍♀️ 👷🏼‍♀️ 👷🏽‍♀️ 👷🏾‍♀️ 👷🏿‍♀️	woman construction worker	build|construction|fix|hardhat|hat|man|rebuild|remodel|repair|woman|work|worker	женщина-строитель	женщина|инженер|каска|мастерская|ремонтница|служба|строитель
PEOPLE	🫅	🫅🏻 🫅🏼 🫅🏽 🫅🏾 🫅🏿	person with crown	crown|monarch|noble|person|regal|royal|royalty	человек с короной	владыка|власть|князь|король|монарх|правитель|престол|царь
PEOPLE	🤴	🤴🏻 🤴🏼 🤴🏽 🤴🏾 🤴🏿	prince	crown|fairy|fairytale|fantasy|king|royal|royalty|tale	принц	королевство|король|корона|притча|сказка|фэнтези
PEOPLE	👸	👸🏻 👸🏼 👸🏽 👸🏾 👸🏿	princess	crown|fairy|fairytale|fantasy|queen|royal|royalty|tale	принцесса	королева|королевство|корона|победительница|притча|сказка|тиара|фэнтези
PEOPLE	👳	👳🏻 👳🏼 👳🏽 👳🏾 👳🏿	person wearing turban	person|turban|wearing	человек в тюрбане	индус|повязка|ранение головы|религия|сикх|тюрбан|чалма|человек
PEOPLE	👳‍♂️	👳🏻‍♂️ 👳🏼‍♂️ 👳🏽‍♂️ 👳🏾‍♂️ 👳🏿‍♂️	man wearing turban	man|turban|wearing	мужчина в тюрбане	мужчина|тюрбан
PEOPLE	👳‍♀️	👳🏻‍♀️ 👳🏼‍♀️ 👳🏽‍♀️ 👳🏾‍♀️ 👳🏿‍♀️	woman wearing turban	turban|wearing|woman	женщина в тюрбане	женщина|тюрбан
PEOPLE	👲	👲🏻 👲🏼 👲🏽 👲🏾 👲🏿	person with skullcap	cap|Chinese|gua|guapi|hat|mao|person|pi|skullcap	мужчина в китайской шапке	китай|китайский|человек|шапка
PEOPLE	🧕	🧕🏻 🧕🏼 🧕🏽 🧕🏾 🧕🏿	woman with headscarf	bandana|head|headscarf|hijab|kerchief|mantilla|tichel|woman	женщина в платке	женщина с платком|закрытые волосы|мантилья|монахиня|монашка|платок|прикрытые волосы|тичел|хиджаб
PEOPLE	🤵	🤵🏻 🤵🏼 🤵🏽 🤵🏾 🤵🏿	person in tuxedo	formal|person|tuxedo|wedding	жених	мужчина|мужчина в смокинге|смокинг|человек|человек в смокинге
PEOPLE	🤵‍♂️	🤵🏻‍♂️ 🤵🏼‍♂️ 🤵🏽‍♂️ 🤵🏾‍♂️ 🤵🏿‍♂️	man in tuxedo	formal|groom|man|tuxedo|wedding	мужчина в смокинге	мужчина|смокинг
PEOPLE	🤵‍♀️	🤵🏻‍♀️ 🤵🏼‍♀️ 🤵🏽‍♀️ 🤵🏾‍♀️ 🤵🏿‍♀️	woman in tuxedo	formal|tuxedo|wedding|woman	женщина в смокинге	женщина|смокинг
PEOPLE	👰	👰🏻 👰🏼 👰🏽 👰🏾 👰🏿	person with veil	person|veil|wedding	невеста	свадьба|фата
PEOPLE	👰‍♂️	👰🏻‍♂️ 👰🏼‍♂️ 👰🏽‍♂️ 👰🏾‍♂️ 👰🏿‍♂️	man with veil	man|veil|wedding	мужчина в фате	мужчина|фата
PEOPLE	👰‍♀️	👰🏻‍♀️ 👰🏼‍♀️ 👰🏽‍♀️ 👰🏾‍♀️ 👰🏿‍♀️	woman with veil	bride|veil|wedding|woman	женщина в фате	женщина|невеста|фата
PEOPLE	🤰	🤰🏻 🤰🏼 🤰🏽 🤰🏾 🤰🏿	pregnant woman	pregnant|woman	беременная женщина	беременная|беременность|женщина
PEOPLE	🫃	🫃🏻 🫃🏼 🫃🏽 🫃🏾 🫃🏿	pregnant man	belly|bloated|full|man|overeat|pregnant	беременный мужчина	беременность|беременный|вздутие|животик|мужчина|переедание
PEOPLE	🫄	🫄🏻 🫄🏼 🫄🏽 🫄🏾 🫄🏿	pregnant person	belly|bloated|full|overeat|person|pregnant|stuffed	беременный человек	беременная|беременность|беременный|вздутие|животик|переедание|человек
PEOPLE	🤱	🤱🏻 🤱🏼 🤱🏽 🤱🏾 🤱🏿	breast-feeding	baby|breast|feeding|mom|mother|nursing|woman	кормление грудью	вскармливание|грудь|кормить|кормящая|лактация|мать|младенец|молоко|ребенок
PEOPLE	👩‍🍼	👩🏻‍🍼 👩🏼‍🍼 👩🏽‍🍼 👩🏾‍🍼 👩🏿‍🍼	woman feeding baby	baby|feed|feeding|mom|mother|nanny|newborn|nursing|woman	кормящая женщина	женщина|забота|кормление|кормящая|малыш|мама|мать|новорожденный|няня|ребенок
PEOPLE	👨‍🍼	👨🏻‍🍼 👨🏼‍🍼 👨🏽‍🍼 👨🏾‍🍼 👨🏿‍🍼	man feeding baby	baby|dad|father|feed|feeding|man|nanny|newborn|nursing	кормящий мужчина	забота|кормление|кормящий|малыш|мужчина|новорожденный|няня|отец|папа|ребенок
PEOPLE	🧑‍🍼	🧑🏻‍🍼 🧑🏼‍🍼 🧑🏽‍🍼 🧑🏾‍🍼 🧑🏿‍🍼	person feeding baby	baby|feed|feeding|nanny|newborn|nursing|parent	кормящий человек	забота|кормление|кормящий|малыш|новорожденный|няня|ребенок|родитель|человек
PEOPLE	👼	👼🏻 👼🏼 👼🏽 👼🏾 👼🏿	baby angel	angel|baby|church|face|fairy|fairytale|fantasy|tale	ангелочек	ангел|дитя|крылья|лик|младенец|нимб|фэнтези
PEOPLE	🎅	🎅🏻 🎅🏼 🎅🏽 🎅🏾 🎅🏿	Santa Claus	celebration|Christmas|claus|fairy|fantasy|father|holiday|merry|santa|tale|xmas	Санта-Клаус	дед мороз|дедушка мороз|клаус|новый год|рождество|санта|санта-клаус
PEOPLE	🤶	🤶🏻 🤶🏼 🤶🏽 🤶🏾 🤶🏿	Mrs. Claus	celebration|Christmas|claus|fairy|fantasy|holiday|merry|mother|Mrs|santa|tale|xmas	миссис Клаус	миссис клаус|новый год|рождество|снегурочка
PEOPLE	🧑‍🎄	🧑🏻‍🎄 🧑🏼‍🎄 🧑🏽‍🎄 🧑🏾‍🎄 🧑🏿‍🎄	Mx Claus	celebration|Christmas|claus|fairy|fantasy|holiday|merry|Mx|santa|tale|xmas	Санта	Дед Мороз|Клаус|Новый год|Рождество
PEOPLE	🦸	🦸🏻 🦸🏼 🦸🏽 🦸🏾 🦸🏿	superhero	good|hero|superpower	супергерой	бэтмен|героиня|герой|сильная|супервумен|супермен|суперсила
PEOPLE	🦸‍♂️	🦸🏻‍♂️ 🦸🏼‍♂️ 🦸🏽‍♂️ 🦸🏾‍♂️ 🦸🏿‍♂️	man superhero	good|hero|man|superhero|superpower	мужчина-супергерой	герой|супергерой|супермен|суперсила
PEOPLE	🦸‍♀️	🦸🏻‍♀️ 🦸🏼‍♀️ 🦸🏽‍♀️ 🦸🏾‍♀️ 🦸🏿‍♀️	woman superhero	good|hero|heroine|superhero|superpower|woman	женщина-супергерой	героиня|супервумен|супергероиня|суперсила
PEOPLE	🦹	🦹🏻 🦹🏼 🦹🏽 🦹🏾 🦹🏿	supervillain	bad|criminal|evil|superpower|villain	суперзлодей	вампир|дракула|зло|злодей|плохой|преступник|суперсила
PEOPLE	🦹‍♂️	🦹🏻‍♂️ 🦹🏼‍♂️ 🦹🏽‍♂️ 🦹🏾‍♂️ 🦹🏿‍♂️	man supervillain	bad|criminal|evil|man|superpower|supervillain|villain	мужчина-суперзлодей	зло|злодей|суперзлодей
PEOPLE	🦹‍♀️	🦹🏻‍♀️ 🦹🏼‍♀️ 🦹🏽‍♀️ 🦹🏾‍♀️ 🦹🏿‍♀️	woman supervillain	bad|criminal|evil|superpower|supervillain|villain|woman	женщина-суперзлодей	зло|злодей|суперзлодей
PEOPLE	🧙	🧙🏻 🧙🏼 🧙🏽 🧙🏾 🧙🏿	mage	fantasy|magic|play|sorcerer|sorceress|sorcery|spell|summon|witch|wizard	маг	волшебник|заклинание|колдун|магия|чародей
PEOPLE	🧙‍♂️	🧙🏻‍♂️ 🧙🏼‍♂️ 🧙🏽‍♂️ 🧙🏾‍♂️ 🧙🏿‍♂️	man mage	fantasy|mage|magic|man|play|sorcerer|sorceress|sorcery|spell|summon|witch|wizard	волшебник	маг|чародей
PEOPLE	🧙‍♀️	🧙🏻‍♀️ 🧙🏼‍♀️ 🧙🏽‍♀️ 🧙🏾‍♀️ 🧙🏿‍♀️	woman mage	fantasy|mage|magic|play|sorcerer|sorceress|sorcery|spell|summon|witch|wizard|woman	волшебница	ведьма|чародейка
PEOPLE	🧚	🧚🏻 🧚🏼 🧚🏽 🧚🏾 🧚🏿	fairy	fairytale|fantasy|myth|person|pixie|tale|wings	фея	Динь-Динь|крылышки|крылья|Оберон|Пак|сказка|Титания|фэнтези
PEOPLE	🧚‍♂️	🧚🏻‍♂️ 🧚🏼‍♂️ 🧚🏽‍♂️ 🧚🏾‍♂️ 🧚🏿‍♂️	man fairy	fairy|fairytale|fantasy|man|myth|Oberon|person|pixie|Puck|tale|wings	мужчина-фея	крылья|мужчина|сказка|фея|фэнтези
PEOPLE	🧚‍♀️	🧚🏻‍♀️ 🧚🏼‍♀️ 🧚🏽‍♀️ 🧚🏾‍♀️ 🧚🏿‍♀️	woman fairy	fairy|fairytale|fantasy|myth|person|pixie|tale|Titania|wings|woman	женщина-фея	Динь-Динь|крылья|сказка|Титания|фея|фэнтези
PEOPLE	🧛	🧛🏻 🧛🏼 🧛🏽 🧛🏾 🧛🏿	vampire	blood|Dracula|fangs|halloween|scary|supernatural|teeth|undead	вампир	граф|Дракула|зубы|кровопийца|кровь|упырь
PEOPLE	🧛‍♂️	🧛🏻‍♂️ 🧛🏼‍♂️ 🧛🏽‍♂️ 🧛🏾‍♂️ 🧛🏿‍♂️	man vampire	blood|fangs|halloween|man|scary|supernatural|teeth|undead|vampire	мужчина-вампир	вампир|граф|Дракула|зубы|кровь|мужчина
PEOPLE	🧛‍♀️	🧛🏻‍♀️ 🧛🏼‍♀️ 🧛🏽‍♀️ 🧛🏾‍♀️ 🧛🏿‍♀️	woman vampire	blood|fangs|halloween|scary|supernatural|teeth|undead|vampire|woman	женщина-вампир	вампирша|женщина|зубы|кровь
PEOPLE	🧜	🧜🏻 🧜🏼 🧜🏽 🧜🏾 🧜🏿	merperson	creature|fairytale|folklore|ocean|sea|siren|trident	русалка	ариэль|морские существа|полурыба|русалочка|сказка|тритон|ундина
PEOPLE	🧜‍♂️	🧜🏻‍♂️ 🧜🏼‍♂️ 🧜🏽‍♂️ 🧜🏾‍♂️ 🧜🏿‍♂️	merman	creature|fairytale|folklore|Neptune|ocean|Poseidon|sea|siren|trident|Triton	тритон	мужчина|полурыба|русалка
PEOPLE	🧜‍♀️	🧜🏻‍♀️ 🧜🏼‍♀️ 🧜🏽‍♀️ 🧜🏾‍♀️ 🧜🏿‍♀️	mermaid	creature|fairytale|folklore|merwoman|ocean|sea|siren|trident	женщина-русалка	женщина|полурыба|русалка
PEOPLE	🧝	🧝🏻 🧝🏼 🧝🏽 🧝🏾 🧝🏿	elf	elves|enchantment|fantasy|folklore|magic|magical|myth	эльф	магия|сказка|уши|фэнтези
PEOPLE	🧝‍♂️	🧝🏻‍♂️ 🧝🏼‍♂️ 🧝🏽‍♂️ 🧝🏾‍♂️ 🧝🏿‍♂️	man elf	elf|elves|enchantment|fantasy|folklore|magic|magical|man|myth	мужчина-эльф	магия|мужчина|сказка|уши|фэнтези|эльф
PEOPLE	🧝‍♀️	🧝🏻‍♀️ 🧝🏼‍♀️ 🧝🏽‍♀️ 🧝🏾‍♀️ 🧝🏿‍♀️	woman elf	elf|elves|enchantment|fantasy|folklore|magic|magical|myth|woman	женщина-эльф	магия|фэнтези|эльф|эльфийка
PEOPLE	🧞		genie	djinn|fantasy|jinn|lamp|myth|rub|wishes	джинн	лампа|потереть|сказка
PEOPLE	🧞‍♂️		man genie	djinn|fantasy|genie|jinn|lamp|man|myth|rub|wishes	мужчина-джинн	джинн|лампа|мужчина|потереть|сказка
PEOPLE	🧞‍♀️		woman genie	djinn|fantasy|genie|jinn|lamp|myth|rub|wishes|woman	женщина-джинн	джинн|женщина|лампа|потереть|сказка
PEOPLE	🧟		zombie	apocalypse|dead|halloween|horror|scary|undead|walking	зомби	апокалипсис|живой|мертвец|страх|страшилка|ужас|Хэллоуин
PEOPLE	🧟‍♂️		man zombie	apocalypse|dead|halloween|horror|man|scary|undead|walking|zombie	мужчина-зомби	живой|живой метрвец|зомби|мертвец|мужчина
PEOPLE	🧟‍♀️		woman zombie	apocalypse|dead|halloween|horror|scary|undead|walking|woman|zombie	женщина-зомби	женщина|живой|зомби|мертвец
PEOPLE	🧌		troll	fairy|fantasy|monster|tale|trolling	тролль	монстр|сказка|троллинг|чудище|чудовище
PEOPLE	💆	💆🏻 💆🏼 💆🏽 💆🏾 💆🏿	person getting massage	face|getting|headache|massage|person|relax|relaxing|salon|soothe|spa|tension|therapy|treatment	человеку массируют лицо	голова|лицо|массаж|массаж головы|массаж лица|процедура|салон|спа
PEOPLE	💆‍♂️	💆🏻‍♂️ 💆🏼‍♂️ 💆🏽‍♂️ 💆🏾‍♂️ 💆🏿‍♂️	man getting massage	face|getting|headache|man|massage|relax|relaxing|salon|soothe|spa|tension|therapy|treatment	мужчине массируют лицо	голова|лицо|массаж|массаж головы|массаж лица|мужчина|процедура|салон|спа
PEOPLE	💆‍♀️	💆🏻‍♀️ 💆🏼‍♀️ 💆🏽‍♀️ 💆🏾‍♀️ 💆🏿‍♀️	woman getting massage	face|getting|headache|massage|relax|relaxing|salon|soothe|spa|tension|therapy|treatment|woman	женщине массируют лицо	массаж|массаж головы|массаж лица|спа
PEOPLE	💇	💇🏻 💇🏼 💇🏽 💇🏾 💇🏿	person getting haircut	barber|beauty|chop|cosmetology|cut|groom|hair|haircut|parlor|person|shears|style	человек у парикмахера	волосы|косметология|красота|ножницы|обрезать|парикмахер|прическа|салон|стрижка|укоротить|уход
PEOPLE	💇‍♂️	💇🏻‍♂️ 💇🏼‍♂️ 💇🏽‍♂️ 💇🏾‍♂️ 💇🏿‍♂️	man getting haircut	barber|beauty|chop|cosmetology|cut|groom|hair|haircut|man|parlor|person|shears|style	мужчина у парикмахера	барбер|барбершоп|мужчина|ножницы|парикмахер|прическа|салон|стилист|стрижка|тримминг
PEOPLE	💇‍♀️	💇🏻‍♀️ 💇🏼‍♀️ 💇🏽‍♀️ 💇🏾‍♀️ 💇🏿‍♀️	woman getting haircut	barber|beauty|chop|cosmetology|cut|groom|hair|haircut|parlor|person|shears|style|woman	женщина у парикмахера	женщина|ножницы|парикмахер|прическа|салон|стрижка
PEOPLE	🚶	🚶🏻 🚶🏼 🚶🏽 🚶🏾 🚶🏿	person walking	amble|gait|hike|man|pace|pedestrian|person|stride|stroll|walk|walking	человек идет	гулять|дорога|идет|прогулка|тротуар|ходьба|человек
PEOPLE	🚶‍♂️	🚶🏻‍♂️ 🚶🏼‍♂️ 🚶🏽‍♂️ 🚶🏾‍♂️ 🚶🏿‍♂️	man walking	amble|gait|hike|man|pace|pedestrian|stride|stroll|walk|walking	мужчина идет	дорога|мужчина|прогулка|тротуар|ходьба
PEOPLE	🚶‍♀️	🚶🏻‍♀️ 🚶🏼‍♀️ 🚶🏽‍♀️ 🚶🏾‍♀️ 🚶🏿‍♀️	woman walking	amble|gait|hike|man|pace|pedestrian|stride|stroll|walk|walking|woman	женщина идет	дорога|женщина|идет|прогулка|тротуар|ходьба
PEOPLE	🚶‍➡️	🚶🏻‍➡️ 🚶🏼‍➡️ 🚶🏽‍➡️ 🚶🏾‍➡️ 🚶🏿‍➡️	person walking: facing right	amble|facing|gait|hike|man|pace|pedestrian|person|right|stride|stroll|walk|walking	человек идет: , направленные вправо	,|вправо|гулять|дорога|идет|направленные|прогулка|тротуар|ходьба|человек
PEOPLE	🚶‍♀️‍➡️	🚶🏻‍♀️‍➡️ 🚶🏼‍♀️‍➡️ 🚶🏽‍♀️‍➡️ 🚶🏾‍♀️‍➡️ 🚶🏿‍♀️‍➡️	woman walking: facing right	amble|facing|gait|hike|man|pace|pedestrian|right|stride|stroll|walk|walking|woman	женщина идет: , направленные вправо	,|вправо|дорога|женщина|идет|направленные|прогулка|тротуар|ходьба
PEOPLE	🚶‍♂️‍➡️	🚶🏻‍♂️‍➡️ 🚶🏼‍♂️‍➡️ 🚶🏽‍♂️‍➡️ 🚶🏾‍♂️‍➡️ 🚶🏿‍♂️‍➡️	man walking: facing right	amble|facing|gait|hike|man|pace|pedestrian|right|stride|stroll|walk|walking	мужчина идет: , направленные вправо	,|вправо|дорога|мужчина|мужчина идет|направленные|прогулка|тротуар|ходьба
PEOPLE	🧍	🧍🏻 🧍🏼 🧍🏽 🧍🏾 🧍🏿	person standing	person|stand|standing	человек стоит	стоя|стоять|человек
PEOPLE	🧍‍♂️	🧍🏻‍♂️ 🧍🏼‍♂️ 🧍🏽‍♂️ 🧍🏾‍♂️ 🧍🏿‍♂️	man standing	man|stand|standing	мужчина стоит	мальчик|мужчина|парень|стоя|стоять
PEOPLE	🧍‍♀️	🧍🏻‍♀️ 🧍🏼‍♀️ 🧍🏽‍♀️ 🧍🏾‍♀️ 🧍🏿‍♀️	woman standing	stand|standing|woman	женщина стоит	девушка|женщина|стоя|стоять
PEOPLE	🧎	🧎🏻 🧎🏼 🧎🏽 🧎🏾 🧎🏿	person kneeling	kneel|kneeling|knees|person	человек на коленях	йога|колени|на коленях|сидеть|человек
PEOPLE	🧎‍♂️	🧎🏻‍♂️ 🧎🏼‍♂️ 🧎🏽‍♂️ 🧎🏾‍♂️ 🧎🏿‍♂️	man kneeling	kneel|kneeling|knees|man	мужчина на коленях	колени|мальчик|мужчина|на коленях|парень
PEOPLE	🧎‍♀️	🧎🏻‍♀️ 🧎🏼‍♀️ 🧎🏽‍♀️ 🧎🏾‍♀️ 🧎🏿‍♀️	woman kneeling	kneel|kneeling|knees|woman	женщина на коленях	девочка|девушка|женщина|колени|на коленях
PEOPLE	🧎‍➡️	🧎🏻‍➡️ 🧎🏼‍➡️ 🧎🏽‍➡️ 🧎🏾‍➡️ 🧎🏿‍➡️	person kneeling: facing right	facing|kneel|kneeling|knees|person|right	человек на коленях: , направленные вправо	,|вправо|йога|колени|на коленях|направленные|сидеть|человек|человек на коленях
PEOPLE	🧎‍♀️‍➡️	🧎🏻‍♀️‍➡️ 🧎🏼‍♀️‍➡️ 🧎🏽‍♀️‍➡️ 🧎🏾‍♀️‍➡️ 🧎🏿‍♀️‍➡️	woman kneeling: facing right	facing|kneel|kneeling|knees|right|woman	женщина на коленях: , направленные вправо	,|вправо|девочка|девушка|женщина|женщина на коленях|колени|на коленях|направленные
PEOPLE	🧎‍♂️‍➡️	🧎🏻‍♂️‍➡️ 🧎🏼‍♂️‍➡️ 🧎🏽‍♂️‍➡️ 🧎🏾‍♂️‍➡️ 🧎🏿‍♂️‍➡️	man kneeling: facing right	facing|kneel|kneeling|knees|man|right	мужчина на коленях: , направленные вправо	,|вправо|колени|мальчик|мужчина|мужчина на коленях|на коленях|направленные|парень
PEOPLE	🧑‍🦯	🧑🏻‍🦯 🧑🏼‍🦯 🧑🏽‍🦯 🧑🏾‍🦯 🧑🏿‍🦯	person with white cane	accessibility|blind|cane|person|probing|white	человек с белой тростью	инвалид|слепой
PEOPLE	🧑‍🦯‍➡️	🧑🏻‍🦯‍➡️ 🧑🏼‍🦯‍➡️ 🧑🏽‍🦯‍➡️ 🧑🏾‍🦯‍➡️ 🧑🏿‍🦯‍➡️	person with white cane: facing right	accessibility|blind|cane|facing|person|probing|right|white	человек с белой тростью: , направленные вправо	,|вправо|инвалид|направленные|слепой|человек с белой тростью
PEOPLE	👨‍🦯	👨🏻‍🦯 👨🏼‍🦯 👨🏽‍🦯 👨🏾‍🦯 👨🏿‍🦯	man with white cane	accessibility|blind|cane|man|probing|white	мужчина с тростью для ходьбы	инвалид|мужчина|палочка|слепой|трость|человек
PEOPLE	👨‍🦯‍➡️	👨🏻‍🦯‍➡️ 👨🏼‍🦯‍➡️ 👨🏽‍🦯‍➡️ 👨🏾‍🦯‍➡️ 👨🏿‍🦯‍➡️	man with white cane: facing right	accessibility|blind|cane|facing|man|probing|right|white	мужчина с тростью для ходьбы: , направленные вправо	,|вправо|инвалид|мужчина|мужчина с тростью для ходьбы|направленные|палочка|слепой|трость|человек
PEOPLE	👩‍🦯	👩🏻‍🦯 👩🏼‍🦯 👩🏽‍🦯 👩🏾‍🦯 👩🏿‍🦯	woman with white cane	accessibility|blind|cane|probing|white|woman	женщина с тростью для ходьбы	женщина|инвалид|палочка|слепая|трость|человек
PEOPLE	👩‍🦯‍➡️	👩🏻‍🦯‍➡️ 👩🏼‍🦯‍➡️ 👩🏽‍🦯‍➡️ 👩🏾‍🦯‍➡️ 👩🏿‍🦯‍➡️	woman with white cane: facing right	accessibility|blind|cane|facing|probing|right|white|woman	женщина с тростью для ходьбы: , направленные вправо	,|вправо|женщина|женщина с тростью для ходьбы|инвалид|направленные|палочка|слепая|трость|человек
PEOPLE	🧑‍🦼	🧑🏻‍🦼 🧑🏼‍🦼 🧑🏽‍🦼 🧑🏾‍🦼 🧑🏿‍🦼	person in motorized wheelchair	accessibility|motorized|person|wheelchair	человек в кресле-коляске с мотором	инвалид|инвалидная коляска
PEOPLE	🧑‍🦼‍➡️	🧑🏻‍🦼‍➡️ 🧑🏼‍🦼‍➡️ 🧑🏽‍🦼‍➡️ 🧑🏾‍🦼‍➡️ 🧑🏿‍🦼‍➡️	person in motorized wheelchair: facing right	accessibility|facing|motorized|person|right|wheelchair	человек в кресле-коляске с мотором: , направленные вправо	,|вправо|инвалид|инвалидная коляска|направленные|человек в кресле-коляске с мотором
PEOPLE	👨‍🦼	👨🏻‍🦼 👨🏼‍🦼 👨🏽‍🦼 👨🏾‍🦼 👨🏿‍🦼	man in motorized wheelchair	accessibility|man|motorized|wheelchair	мужчина в электрическом кресле-коляске	в кресле|инвалид|инвалидное кресло|кресло|мужчина
PEOPLE	👨‍🦼‍➡️	👨🏻‍🦼‍➡️ 👨🏼‍🦼‍➡️ 👨🏽‍🦼‍➡️ 👨🏾‍🦼‍➡️ 👨🏿‍🦼‍➡️	man in motorized wheelchair: facing right	accessibility|facing|man|motorized|right|wheelchair	мужчина в электрическом кресле-коляске: , направленные вправо	,|в кресле|вправо|инвалид|инвалидное кресло|кресло|мужчина|мужчина в электрическом кресле-коляске|направленные
PEOPLE	👩‍🦼	👩🏻‍🦼 👩🏼‍🦼 👩🏽‍🦼 👩🏾‍🦼 👩🏿‍🦼	woman in motorized wheelchair	accessibility|motorized|wheelchair|woman	женщина в электрическом кресле-коляске	в кресле|женщина|инвалид|инвалидное кресло|кресло|человек
PEOPLE	👩‍🦼‍➡️	👩🏻‍🦼‍➡️ 👩🏼‍🦼‍➡️ 👩🏽‍🦼‍➡️ 👩🏾‍🦼‍➡️ 👩🏿‍🦼‍➡️	woman in motorized wheelchair: facing right	accessibility|facing|motorized|right|wheelchair|woman	женщина в электрическом кресле-коляске: , направленные вправо	,|в кресле|вправо|женщина|женщина в электрическом кресле-коляске|инвалид|инвалидное кресло|кресло|направленные|человек
PEOPLE	🧑‍🦽	🧑🏻‍🦽 🧑🏼‍🦽 🧑🏽‍🦽 🧑🏾‍🦽 🧑🏿‍🦽	person in manual wheelchair	accessibility|manual|person|wheelchair	человек в кресле-коляске с ручным приводом	инвалид|инвалидная коляска
PEOPLE	🧑‍🦽‍➡️	🧑🏻‍🦽‍➡️ 🧑🏼‍🦽‍➡️ 🧑🏽‍🦽‍➡️ 🧑🏾‍🦽‍➡️ 🧑🏿‍🦽‍➡️	person in manual wheelchair: facing right	accessibility|facing|manual|person|right|wheelchair	человек в кресле-коляске с ручным приводом: , направленные вправо	,|вправо|инвалид|инвалидная коляска|направленные|человек в кресле-коляске с ручным приводом
PEOPLE	👨‍🦽	👨🏻‍🦽 👨🏼‍🦽 👨🏽‍🦽 👨🏾‍🦽 👨🏿‍🦽	man in manual wheelchair	accessibility|man|manual|wheelchair	мужчина в ручном кресле-коляске	в кресле|инвалид|инвалидное кресло|кресло|мужчина|человек
PEOPLE	👨‍🦽‍➡️	👨🏻‍🦽‍➡️ 👨🏼‍🦽‍➡️ 👨🏽‍🦽‍➡️ 👨🏾‍🦽‍➡️ 👨🏿‍🦽‍➡️	man in manual wheelchair: facing right	accessibility|facing|man|manual|right|wheelchair	мужчина в ручном кресле-коляске: , направленные вправо	,|в кресле|вправо|инвалид|инвалидное кресло|кресло|мужчина|мужчина в ручном кресле-коляске|направленные|человек
PEOPLE	👩‍🦽	👩🏻‍🦽 👩🏼‍🦽 👩🏽‍🦽 👩🏾‍🦽 👩🏿‍🦽	woman in manual wheelchair	accessibility|manual|wheelchair|woman	женщина в ручном кресле-коляске	в кресле|женщина|инвалид|инвалидное кресло|кресло
PEOPLE	👩‍🦽‍➡️	👩🏻‍🦽‍➡️ 👩🏼‍🦽‍➡️ 👩🏽‍🦽‍➡️ 👩🏾‍🦽‍➡️ 👩🏿‍🦽‍➡️	woman in manual wheelchair: facing right	accessibility|facing|manual|right|wheelchair|woman	женщина в ручном кресле-коляске: , направленные вправо	,|в кресле|вправо|женщина|женщина в ручном кресле-коляске|инвалид|инвалидное кресло|кресло|направленные
PEOPLE	🏃	🏃🏻 🏃🏼 🏃🏽 🏃🏾 🏃🏿	person running	fast|hurry|marathon|move|person|quick|race|racing|run|rush|speed	человек бежит	бег|бежит|марафон|спорт|трусцой|человек
PEOPLE	🏃‍♂️	🏃🏻‍♂️ 🏃🏼‍♂️ 🏃🏽‍♂️ 🏃🏾‍♂️ 🏃🏿‍♂️	man running	fast|hurry|man|marathon|move|quick|race|racing|run|rush|speed	мужчина бежит	бег|марафон|мужчина|спорт|трусцой
PEOPLE	🏃‍♀️	🏃🏻‍♀️ 🏃🏼‍♀️ 🏃🏽‍♀️ 🏃🏾‍♀️ 🏃🏿‍♀️	woman running	fast|hurry|marathon|move|quick|race|racing|run|rush|speed|woman	женщина бежит	бег|бежит|женщина|марафон|спешу|спорт|трусцой|убегаю
PEOPLE	🏃‍➡️	🏃🏻‍➡️ 🏃🏼‍➡️ 🏃🏽‍➡️ 🏃🏾‍➡️ 🏃🏿‍➡️	person running: facing right	facing|fast|hurry|marathon|move|person|quick|race|racing|right|run|rush|speed	человек бежит: , направленные вправо	,|бег|бежит|вправо|марафон|направленные|спорт|трусцой|человек
PEOPLE	🏃‍♀️‍➡️	🏃🏻‍♀️‍➡️ 🏃🏼‍♀️‍➡️ 🏃🏽‍♀️‍➡️ 🏃🏾‍♀️‍➡️ 🏃🏿‍♀️‍➡️	woman running: facing right	facing|fast|hurry|marathon|move|quick|race|racing|right|run|rush|speed|woman	женщина бежит: , направленные вправо	,|бег|бежит|вправо|женщина|марафон|направленные|спешу|спорт|трусцой|убегаю
PEOPLE	🏃‍♂️‍➡️	🏃🏻‍♂️‍➡️ 🏃🏼‍♂️‍➡️ 🏃🏽‍♂️‍➡️ 🏃🏾‍♂️‍➡️ 🏃🏿‍♂️‍➡️	man running: facing right	facing|fast|hurry|man|marathon|move|quick|race|racing|right|run|rush|speed	мужчина бежит: , направленные вправо	,|бег|вправо|марафон|мужчина|мужчина бежит|направленные|спорт|трусцой
PEOPLE	💃	💃🏻 💃🏼 💃🏽 💃🏾 💃🏿	woman dancing	dance|dancer|dancing|elegant|festive|flair|flamenco|groove|let’s|salsa|tango|woman	танцующая женщина	движения|дискотека|женщина|красное платье|красота|танцовщица|танцы|человек
PEOPLE	🕺	🕺🏻 🕺🏼 🕺🏽 🕺🏾 🕺🏿	man dancing	dance|dancer|dancing|elegant|festive|flair|flamenco|groove|let’s|man|salsa|tango	танцующий мужчина	движения|красота|мужчина|танец|танцы|человек
PEOPLE	🕴️		person in suit levitating	business|levitating|person|suit	бизнесмен в воздухе	бизнес|костюм|полет|человек
PEOPLE	🕴🏻		person in suit levitating: light skin tone	business|levitating|light skin tone|person|suit	бизнесмен в воздухе: очень светлый тон кожи	бизнес|бизнесмен в воздухе|костюм|очень светлый тон кожи|полет|человек
PEOPLE	🕴🏼		person in suit levitating: medium-light skin tone	business|levitating|medium-light skin tone|person|suit	бизнесмен в воздухе: светлый тон кожи	бизнес|бизнесмен в воздухе|костюм|полет|светлый тон кожи|человек
PEOPLE	🕴🏽		person in suit levitating: medium skin tone	business|levitating|medium skin tone|person|suit	бизнесмен в воздухе: средний тон кожи	бизнес|бизнесмен в воздухе|костюм|полет|средний тон кожи|человек
PEOPLE	🕴🏾		person in suit levitating: medium-dark skin tone	business|levitating|medium-dark skin tone|person|suit	бизнесмен в воздухе: темный тон кожи	бизнес|бизнесмен в воздухе|костюм|полет|темный тон кожи|человек
PEOPLE	🕴🏿		person in suit levitating: dark skin tone	business|dark skin tone|levitating|person|suit	бизнесмен в воздухе: очень темный тон кожи	бизнес|бизнесмен в воздухе|костюм|очень темный тон кожи|полет|человек
PEOPLE	👯		people with bunny ears	bestie|bff|bunny|counterpart|dancer|double|ear|identical|pair|party|partying|people|soulmate|twin|twinsies	люди с ушами кролика	близкие|вечеринка|двое|двойняшки|кордебалет|кролик|парочка|подруги|танец|уши
PEOPLE	👯‍♂️		men with bunny ears	bestie|bff|bunny|counterpart|dancer|double|ear|identical|men|pair|party|partying|people|soulmate|twin|twinsies	мужчины с ушами кролика	вечеринка|кордебалет|кролик|танец|танцор|уши|уши кролика
PEOPLE	👯‍♀️		women with bunny ears	bestie|bff|bunny|counterpart|dancer|double|ear|identical|pair|party|partying|people|soulmate|twin|twinsies|women	женщины с ушами кролика	вечеринка|кордебалет|кролик|танец|уши|уши кролика
PEOPLE	🧖	🧖🏻 🧖🏼 🧖🏽 🧖🏾 🧖🏿	person in steamy room	day|luxurious|pamper|person|relax|room|sauna|spa|steam|steambath|unwind	человек в бане	баня|париться|парная|паровая|паром|пропотеть|сауна|хамам
PEOPLE	🧖‍♂️	🧖🏻‍♂️ 🧖🏼‍♂️ 🧖🏽‍♂️ 🧖🏾‍♂️ 🧖🏿‍♂️	man in steamy room	day|luxurious|man|pamper|relax|room|sauna|spa|steam|steambath|unwind	мужчина в бане	парная|сауна
PEOPLE	🧖‍♀️	🧖🏻‍♀️ 🧖🏼‍♀️ 🧖🏽‍♀️ 🧖🏾‍♀️ 🧖🏿‍♀️	woman in steamy room	day|luxurious|pamper|relax|room|sauna|spa|steam|steambath|unwind|woman	женщина в бане	парная|сауна
PEOPLE	🧗	🧗🏻 🧗🏼 🧗🏽 🧗🏾 🧗🏿	person climbing	climb|climber|climbing|mountain|person|rock|scale|up	человек взбирается по скале	альпинистка|взбираться|восхождение|гора|подъем|скала|скалолазание|человек
PEOPLE	🧗‍♂️	🧗🏻‍♂️ 🧗🏼‍♂️ 🧗🏽‍♂️ 🧗🏾‍♂️ 🧗🏿‍♂️	man climbing	climb|climber|climbing|man|mountain|rock|scale|up	мужчина взбирается по скале	мужчина|скала|скалолаз
PEOPLE	🧗‍♀️	🧗🏻‍♀️ 🧗🏼‍♀️ 🧗🏽‍♀️ 🧗🏾‍♀️ 🧗🏿‍♀️	woman climbing	climb|climber|climbing|mountain|rock|scale|up|woman	женщина взбирается по скале	женщина|скала|скалолаз
PEOPLE	🤺		person fencing	fencer|fencing|person|sword	фехтовальщик	рапира|спорт|фехтование|человек|шпага
PEOPLE	🏇	🏇🏻 🏇🏼 🏇🏽 🏇🏾 🏇🏿	horse racing	horse|jockey|racehorse|racing|riding|sport	скачки	бега|жокей|ипподром|конный|конь|лошади|спорт|ставки|тотализатор
PEOPLE	⛷️		skier	ski|snow	горные лыжи	горнолыжный|горные|лыжи|склон|скорость|спортсмен|человек
PEOPLE	🏂	🏂🏻 🏂🏼 🏂🏽 🏂🏾 🏂🏿	snowboarder	ski|snow|snowboard|sport	сноубордист	горы|склон|снег|сноуборд|спорт|спортсмен
PEOPLE	🏌️		person golfing	ball|birdie|caddy|driving|golf|golfing|green|person|pga|putt|range|tee	гольфист	гольф|игрок|клюшка|удар
PEOPLE	🏌🏻		person golfing: light skin tone	ball|birdie|caddy|driving|golf|golfing|green|light skin tone|person|pga|putt|range|tee	гольфист: очень светлый тон кожи	гольф|гольфист|игрок|клюшка|очень светлый тон кожи|удар
PEOPLE	🏌🏼		person golfing: medium-light skin tone	ball|birdie|caddy|driving|golf|golfing|green|medium-light skin tone|person|pga|putt|range|tee	гольфист: светлый тон кожи	гольф|гольфист|игрок|клюшка|светлый тон кожи|удар
PEOPLE	🏌🏽		person golfing: medium skin tone	ball|birdie|caddy|driving|golf|golfing|green|medium skin tone|person|pga|putt|range|tee	гольфист: средний тон кожи	гольф|гольфист|игрок|клюшка|средний тон кожи|удар
PEOPLE	🏌🏾		person golfing: medium-dark skin tone	ball|birdie|caddy|driving|golf|golfing|green|medium-dark skin tone|person|pga|putt|range|tee	гольфист: темный тон кожи	гольф|гольфист|игрок|клюшка|темный тон кожи|удар
PEOPLE	🏌🏿		person golfing: dark skin tone	ball|birdie|caddy|dark skin tone|driving|golf|golfing|green|person|pga|putt|range|tee	гольфист: очень темный тон кожи	гольф|гольфист|игрок|клюшка|очень темный тон кожи|удар
PEOPLE	🏌️‍♂️		man golfing	ball|birdie|caddy|driving|golf|golfing|green|man|pga|putt|range|tee	мужчина играет в гольф	гольф|гольфист|игрок|клюшка
PEOPLE	🏌🏻‍♂️		man golfing: light skin tone	ball|birdie|caddy|driving|golf|golfing|green|light skin tone|man|pga|putt|range|tee	мужчина играет в гольф: очень светлый тон кожи	гольф|гольфист|игрок|клюшка|мужчина играет в гольф|очень светлый тон кожи
PEOPLE	🏌🏼‍♂️		man golfing: medium-light skin tone	ball|birdie|caddy|driving|golf|golfing|green|man|medium-light skin tone|pga|putt|range|tee	мужчина играет в гольф: светлый тон кожи	гольф|гольфист|игрок|клюшка|мужчина играет в гольф|светлый тон кожи
PEOPLE	🏌🏽‍♂️		man golfing: medium skin tone	ball|birdie|caddy|driving|golf|golfing|green|man|medium skin tone|pga|putt|range|tee	мужчина играет в гольф: средний тон кожи	гольф|гольфист|игрок|клюшка|мужчина играет в гольф|средний тон кожи
PEOPLE	🏌🏾‍♂️		man golfing: medium-dark skin tone	ball|birdie|caddy|driving|golf|golfing|green|man|medium-dark skin tone|pga|putt|range|tee	мужчина играет в гольф: темный тон кожи	гольф|гольфист|игрок|клюшка|мужчина играет в гольф|темный тон кожи
PEOPLE	🏌🏿‍♂️		man golfing: dark skin tone	ball|birdie|caddy|dark skin tone|driving|golf|golfing|green|man|pga|putt|range|tee	мужчина играет в гольф: очень темный тон кожи	гольф|гольфист|игрок|клюшка|мужчина играет в гольф|очень темный тон кожи
PEOPLE	🏌️‍♀️		woman golfing	ball|birdie|caddy|driving|golf|golfing|green|pga|putt|range|tee|woman	женщина играет в гольф	гольф|гольфистка|женщина|клюшка|спорт|спортсменка|удар
PEOPLE	🏌🏻‍♀️		woman golfing: light skin tone	ball|birdie|caddy|driving|golf|golfing|green|light skin tone|pga|putt|range|tee|woman	женщина играет в гольф: очень светлый тон кожи	гольф|гольфистка|женщина|женщина играет в гольф|клюшка|очень светлый тон кожи|спорт|спортсменка|удар
PEOPLE	🏌🏼‍♀️		woman golfing: medium-light skin tone	ball|birdie|caddy|driving|golf|golfing|green|medium-light skin tone|pga|putt|range|tee|woman	женщина играет в гольф: светлый тон кожи	гольф|гольфистка|женщина|женщина играет в гольф|клюшка|светлый тон кожи|спорт|спортсменка|удар
PEOPLE	🏌🏽‍♀️		woman golfing: medium skin tone	ball|birdie|caddy|driving|golf|golfing|green|medium skin tone|pga|putt|range|tee|woman	женщина играет в гольф: средний тон кожи	гольф|гольфистка|женщина|женщина играет в гольф|клюшка|спорт|спортсменка|средний тон кожи|удар
PEOPLE	🏌🏾‍♀️		woman golfing: medium-dark skin tone	ball|birdie|caddy|driving|golf|golfing|green|medium-dark skin tone|pga|putt|range|tee|woman	женщина играет в гольф: темный тон кожи	гольф|гольфистка|женщина|женщина играет в гольф|клюшка|спорт|спортсменка|темный тон кожи|удар
PEOPLE	🏌🏿‍♀️		woman golfing: dark skin tone	ball|birdie|caddy|dark skin tone|driving|golf|golfing|green|pga|putt|range|tee|woman	женщина играет в гольф: очень темный тон кожи	гольф|гольфистка|женщина|женщина играет в гольф|клюшка|очень темный тон кожи|спорт|спортсменка|удар
PEOPLE	🏄	🏄🏻 🏄🏼 🏄🏽 🏄🏾 🏄🏿	person surfing	beach|ocean|person|sport|surf|surfer|surfing|swell|waves	серфинг	вода|волны|доска|спорт
PEOPLE	🏄‍♂️	🏄🏻‍♂️ 🏄🏼‍♂️ 🏄🏽‍♂️ 🏄🏾‍♂️ 🏄🏿‍♂️	man surfing	beach|man|ocean|sport|surf|surfer|surfing|swell|waves	серфингист	вода|волны|доска|серфинг|спорт|спортсмен
PEOPLE	🏄‍♀️	🏄🏻‍♀️ 🏄🏼‍♀️ 🏄🏽‍♀️ 🏄🏾‍♀️ 🏄🏿‍♀️	woman surfing	beach|ocean|person|sport|surf|surfer|surfing|swell|waves	серфингистка	вода|волны|доска|серфинг|спорт|спортсменка
PEOPLE	🚣	🚣🏻 🚣🏼 🚣🏽 🚣🏾 🚣🏿	person rowing boat	boat|canoe|cruise|fishing|lake|oar|paddle|person|raft|river|row|rowboat|rowing	гребля	весла|вода|лодка|море
PEOPLE	🚣‍♂️	🚣🏻‍♂️ 🚣🏼‍♂️ 🚣🏽‍♂️ 🚣🏾‍♂️ 🚣🏿‍♂️	man rowing boat	boat|canoe|cruise|fishing|lake|man|oar|paddle|raft|river|row|rowboat|rowing	гребец	весла|вода|гребля|лодка
PEOPLE	🚣‍♀️	🚣🏻‍♀️ 🚣🏼‍♀️ 🚣🏽‍♀️ 🚣🏾‍♀️ 🚣🏿‍♀️	woman rowing boat	boat|canoe|cruise|fishing|lake|oar|paddle|raft|river|row|rowboat|rowing|woman	гребчиха	весла|вода|гребля|лодка
PEOPLE	🏊	🏊🏻 🏊🏼 🏊🏽 🏊🏾 🏊🏿	person swimming	freestyle|person|sport|swim|swimmer|swimming|triathlon	плавание	бассейн|вода|водный спорт|море|пловец|плыть|спорт|спортсмен
PEOPLE	🏊‍♂️	🏊🏻‍♂️ 🏊🏼‍♂️ 🏊🏽‍♂️ 🏊🏾‍♂️ 🏊🏿‍♂️	man swimming	freestyle|man|sport|swim|swimmer|swimming|triathlon	пловец	мужчина|плавание|спорт
PEOPLE	🏊‍♀️	🏊🏻‍♀️ 🏊🏼‍♀️ 🏊🏽‍♀️ 🏊🏾‍♀️ 🏊🏿‍♀️	woman swimming	freestyle|man|sport|swim|swimmer|swimming|triathlon	пловчиха	женщина|плавание|спорт
PEOPLE	⛹️		person bouncing ball	athletic|ball|basketball|bouncing|championship|dribble|net|person|player|throw	баскетболист	баскетбол|ведение|игра|мяч
PEOPLE	⛹🏻		person bouncing ball: light skin tone	athletic|ball|basketball|bouncing|championship|dribble|light skin tone|net|person|player|throw	баскетболист: очень светлый тон кожи	баскетбол|баскетболист|ведение|игра|мяч|очень светлый тон кожи
PEOPLE	⛹🏼		person bouncing ball: medium-light skin tone	athletic|ball|basketball|bouncing|championship|dribble|medium-light skin tone|net|person|player|throw	баскетболист: светлый тон кожи	баскетбол|баскетболист|ведение|игра|мяч|светлый тон кожи
PEOPLE	⛹🏽		person bouncing ball: medium skin tone	athletic|ball|basketball|bouncing|championship|dribble|medium skin tone|net|person|player|throw	баскетболист: средний тон кожи	баскетбол|баскетболист|ведение|игра|мяч|средний тон кожи
PEOPLE	⛹🏾		person bouncing ball: medium-dark skin tone	athletic|ball|basketball|bouncing|championship|dribble|medium-dark skin tone|net|person|player|throw	баскетболист: темный тон кожи	баскетбол|баскетболист|ведение|игра|мяч|темный тон кожи
PEOPLE	⛹🏿		person bouncing ball: dark skin tone	athletic|ball|basketball|bouncing|championship|dark skin tone|dribble|net|person|player|throw	баскетболист: очень темный тон кожи	баскетбол|баскетболист|ведение|игра|мяч|очень темный тон кожи
PEOPLE	⛹️‍♂️		man bouncing ball	athletic|ball|basketball|bouncing|championship|dribble|man|net|player|throw	мужчина с мячом	баскетбол|мужчина|мяч|спорт
PEOPLE	⛹🏻‍♂️		man bouncing ball: light skin tone	athletic|ball|basketball|bouncing|championship|dribble|light skin tone|man|net|player|throw	мужчина с мячом: очень светлый тон кожи	баскетбол|мужчина|мяч|очень светлый тон кожи|спорт
PEOPLE	⛹🏼‍♂️		man bouncing ball: medium-light skin tone	athletic|ball|basketball|bouncing|championship|dribble|man|medium-light skin tone|net|player|throw	мужчина с мячом: светлый тон кожи	баскетбол|мужчина|мяч|светлый тон кожи|спорт
PEOPLE	⛹🏽‍♂️		man bouncing ball: medium skin tone	athletic|ball|basketball|bouncing|championship|dribble|man|medium skin tone|net|player|throw	мужчина с мячом: средний тон кожи	баскетбол|мужчина|мяч|спорт|средний тон кожи
PEOPLE	⛹🏾‍♂️		man bouncing ball: medium-dark skin tone	athletic|ball|basketball|bouncing|championship|dribble|man|medium-dark skin tone|net|player|throw	мужчина с мячом: темный тон кожи	баскетбол|мужчина|мяч|спорт|темный тон кожи
PEOPLE	⛹🏿‍♂️		man bouncing ball: dark skin tone	athletic|ball|basketball|bouncing|championship|dark skin tone|dribble|man|net|player|throw	мужчина с мячом: очень темный тон кожи	баскетбол|мужчина|мяч|очень темный тон кожи|спорт
PEOPLE	⛹️‍♀️		woman bouncing ball	athletic|ball|basketball|bouncing|championship|dribble|net|player|throw|woman	женщина с мячом	баскетбол|баскетболистка|женщина|мяч|спорт
PEOPLE	⛹🏻‍♀️		woman bouncing ball: light skin tone	athletic|ball|basketball|bouncing|championship|dribble|light skin tone|net|player|throw|woman	женщина с мячом: очень светлый тон кожи	баскетбол|баскетболистка|женщина|мяч|очень светлый тон кожи|спорт
PEOPLE	⛹🏼‍♀️		woman bouncing ball: medium-light skin tone	athletic|ball|basketball|bouncing|championship|dribble|medium-light skin tone|net|player|throw|woman	женщина с мячом: светлый тон кожи	баскетбол|баскетболистка|женщина|мяч|светлый тон кожи|спорт
PEOPLE	⛹🏽‍♀️		woman bouncing ball: medium skin tone	athletic|ball|basketball|bouncing|championship|dribble|medium skin tone|net|player|throw|woman	женщина с мячом: средний тон кожи	баскетбол|баскетболистка|женщина|мяч|спорт|средний тон кожи
PEOPLE	⛹🏾‍♀️		woman bouncing ball: medium-dark skin tone	athletic|ball|basketball|bouncing|championship|dribble|medium-dark skin tone|net|player|throw|woman	женщина с мячом: темный тон кожи	баскетбол|баскетболистка|женщина|мяч|спорт|темный тон кожи
PEOPLE	⛹🏿‍♀️		woman bouncing ball: dark skin tone	athletic|ball|basketball|bouncing|championship|dark skin tone|dribble|net|player|throw|woman	женщина с мячом: очень темный тон кожи	баскетбол|баскетболистка|женщина|мяч|очень темный тон кожи|спорт
PEOPLE	🏋️		person lifting weights	barbell|bodybuilder|deadlift|lifter|lifting|person|powerlifting|weight|weightlifter|weights|workout	тяжелоатлет	атлет|атлетика|вес|помост|тяжелая|штанга
PEOPLE	🏋🏻		person lifting weights: light skin tone	barbell|bodybuilder|deadlift|lifter|lifting|light skin tone|person|powerlifting|weight|weightlifter|weights|workout	тяжелоатлет: очень светлый тон кожи	атлет|атлетика|вес|очень светлый тон кожи|помост|тяжелая|тяжелоатлет|штанга
PEOPLE	🏋🏼		person lifting weights: medium-light skin tone	barbell|bodybuilder|deadlift|lifter|lifting|medium-light skin tone|person|powerlifting|weight|weightlifter|weights|workout	тяжелоатлет: светлый тон кожи	атлет|атлетика|вес|помост|светлый тон кожи|тяжелая|тяжелоатлет|штанга
PEOPLE	🏋🏽		person lifting weights: medium skin tone	barbell|bodybuilder|deadlift|lifter|lifting|medium skin tone|person|powerlifting|weight|weightlifter|weights|workout	тяжелоатлет: средний тон кожи	атлет|атлетика|вес|помост|средний тон кожи|тяжелая|тяжелоатлет|штанга
PEOPLE	🏋🏾		person lifting weights: medium-dark skin tone	barbell|bodybuilder|deadlift|lifter|lifting|medium-dark skin tone|person|powerlifting|weight|weightlifter|weights|workout	тяжелоатлет: темный тон кожи	атлет|атлетика|вес|помост|темный тон кожи|тяжелая|тяжелоатлет|штанга
PEOPLE	🏋🏿		person lifting weights: dark skin tone	barbell|bodybuilder|dark skin tone|deadlift|lifter|lifting|person|powerlifting|weight|weightlifter|weights|workout	тяжелоатлет: очень темный тон кожи	атлет|атлетика|вес|очень темный тон кожи|помост|тяжелая|тяжелоатлет|штанга
PEOPLE	🏋️‍♂️		man lifting weights	barbell|bodybuilder|deadlift|lifter|lifting|man|powerlifting|weight|weightlifter|weights|workout	мужчина со штангой	мужчина|пауэрлифтинг|спорт|тяжелая атлетика
PEOPLE	🏋🏻‍♂️		man lifting weights: light skin tone	barbell|bodybuilder|deadlift|lifter|lifting|light skin tone|man|powerlifting|weight|weightlifter|weights|workout	мужчина со штангой: очень светлый тон кожи	мужчина|мужчина со штангой|очень светлый тон кожи|пауэрлифтинг|спорт|тяжелая атлетика
PEOPLE	🏋🏼‍♂️		man lifting weights: medium-light skin tone	barbell|bodybuilder|deadlift|lifter|lifting|man|medium-light skin tone|powerlifting|weight|weightlifter|weights|workout	мужчина со штангой: светлый тон кожи	мужчина|мужчина со штангой|пауэрлифтинг|светлый тон кожи|спорт|тяжелая атлетика
PEOPLE	🏋🏽‍♂️		man lifting weights: medium skin tone	barbell|bodybuilder|deadlift|lifter|lifting|man|medium skin tone|powerlifting|weight|weightlifter|weights|workout	мужчина со штангой: средний тон кожи	мужчина|мужчина со штангой|пауэрлифтинг|спорт|средний тон кожи|тяжелая атлетика
PEOPLE	🏋🏾‍♂️		man lifting weights: medium-dark skin tone	barbell|bodybuilder|deadlift|lifter|lifting|man|medium-dark skin tone|powerlifting|weight|weightlifter|weights|workout	мужчина со штангой: темный тон кожи	мужчина|мужчина со штангой|пауэрлифтинг|спорт|темный тон кожи|тяжелая атлетика
PEOPLE	🏋🏿‍♂️		man lifting weights: dark skin tone	barbell|bodybuilder|dark skin tone|deadlift|lifter|lifting|man|powerlifting|weight|weightlifter|weights|workout	мужчина со штангой: очень темный тон кожи	мужчина|мужчина со штангой|очень темный тон кожи|пауэрлифтинг|спорт|тяжелая атлетика
PEOPLE	🏋️‍♀️		woman lifting weights	barbell|bodybuilder|deadlift|lifter|lifting|powerlifting|weight|weightlifter|weights|woman|workout	женщина со штангой	женщина|пауэрлифтинг|спорт|тяжелая атлетика|тяжеловеска
PEOPLE	🏋🏻‍♀️		woman lifting weights: light skin tone	barbell|bodybuilder|deadlift|lifter|lifting|light skin tone|powerlifting|weight|weightlifter|weights|woman|workout	женщина со штангой: очень светлый тон кожи	женщина|очень светлый тон кожи|пауэрлифтинг|спорт|тяжелая атлетика|тяжеловеска
PEOPLE	🏋🏼‍♀️		woman lifting weights: medium-light skin tone	barbell|bodybuilder|deadlift|lifter|lifting|medium-light skin tone|powerlifting|weight|weightlifter|weights|woman|workout	женщина со штангой: светлый тон кожи	женщина|пауэрлифтинг|светлый тон кожи|спорт|тяжелая атлетика|тяжеловеска
PEOPLE	🏋🏽‍♀️		woman lifting weights: medium skin tone	barbell|bodybuilder|deadlift|lifter|lifting|medium skin tone|powerlifting|weight|weightlifter|weights|woman|workout	женщина со штангой: средний тон кожи	женщина|пауэрлифтинг|спорт|средний тон кожи|тяжелая атлетика|тяжеловеска
PEOPLE	🏋🏾‍♀️		woman lifting weights: medium-dark skin tone	barbell|bodybuilder|deadlift|lifter|lifting|medium-dark skin tone|powerlifting|weight|weightlifter|weights|woman|workout	женщина со штангой: темный тон кожи	женщина|пауэрлифтинг|спорт|темный тон кожи|тяжелая атлетика|тяжеловеска
PEOPLE	🏋🏿‍♀️		woman lifting weights: dark skin tone	barbell|bodybuilder|dark skin tone|deadlift|lifter|lifting|powerlifting|weight|weightlifter|weights|woman|workout	женщина со штангой: очень темный тон кожи	женщина|очень темный тон кожи|пауэрлифтинг|спорт|тяжелая атлетика|тяжеловеска
PEOPLE	🚴	🚴🏻 🚴🏼 🚴🏽 🚴🏾 🚴🏿	person biking	bicycle|bicyclist|bike|biking|cycle|cyclist|person|riding|sport	велосипедист	велосипед|велоспорт|кататься|педали|спорт|человек
PEOPLE	🚴‍♂️	🚴🏻‍♂️ 🚴🏼‍♂️ 🚴🏽‍♂️ 🚴🏾‍♂️ 🚴🏿‍♂️	man biking	bicycle|bicyclist|bike|biking|cycle|cyclist|man|riding|sport	мужчина на велосипеде	велосипед|мужчина|спорт
PEOPLE	🚴‍♀️	🚴🏻‍♀️ 🚴🏼‍♀️ 🚴🏽‍♀️ 🚴🏾‍♀️ 🚴🏿‍♀️	woman biking	bicycle|bicyclist|bike|biking|cycle|cyclist|riding|sport|woman	женщина на велосипеде	велосипед|велосипедистка|женщина|кататься|педали|спорт
PEOPLE	🚵	🚵🏻 🚵🏼 🚵🏽 🚵🏾 🚵🏿	person mountain biking	bicycle|bicyclist|bike|biking|cycle|cyclist|mountain|person|riding|sport	человек на горном велосипеде	байк|велик|велосипед|горный|горы|педали|соревнование|спорт|человек
PEOPLE	🚵‍♂️	🚵🏻‍♂️ 🚵🏼‍♂️ 🚵🏽‍♂️ 🚵🏾‍♂️ 🚵🏿‍♂️	man mountain biking	bicycle|bicyclist|bike|biking|cycle|cyclist|man|mountain|riding|sport	мужчина на горном велосипеде	велосипед|горный велосипед|мужчина|спорт
PEOPLE	🚵‍♀️	🚵🏻‍♀️ 🚵🏼‍♀️ 🚵🏽‍♀️ 🚵🏾‍♀️ 🚵🏿‍♀️	woman mountain biking	bicycle|bicyclist|bike|biking|cycle|cyclist|mountain|riding|sport|woman	женщина на горном велосипеде	велосипед|велосипедистка|горный велосипед|женщина|спорт
PEOPLE	🤸	🤸🏻 🤸🏼 🤸🏽 🤸🏾 🤸🏿	person cartwheeling	active|cartwheel|cartwheeling|excited|flip|gymnastics|happy|person|somersault	акробатический трюк	акробатика|активный|вверх ногами|гимнастика|колесо|спорт|счастливый|трюк|человек
PEOPLE	🤸‍♂️	🤸🏻‍♂️ 🤸🏼‍♂️ 🤸🏽‍♂️ 🤸🏾‍♂️ 🤸🏿‍♂️	man cartwheeling	active|cartwheel|cartwheeling|excited|flip|gymnastics|happy|man|somersault	акробат	акробатика|гимнастика|мужчина|спорт|трюк
PEOPLE	🤸‍♀️	🤸🏻‍♀️ 🤸🏼‍♀️ 🤸🏽‍♀️ 🤸🏾‍♀️ 🤸🏿‍♀️	woman cartwheeling	active|cartwheel|cartwheeling|excited|flip|gymnastics|happy|somersault|woman	женщина-акробат	акробат|акробатика|гимнастика|женщина|спорт|трюк
PEOPLE	🤼		people wrestling	combat|duel|grapple|people|ring|tournament|wrestle|wrestling	борцы	бороться|борьба|драка|рестлинг|ринг|спаринг|спарринг|спорт|человек
PEOPLE	🤼‍♂️		men wrestling	combat|duel|grapple|men|ring|tournament|wrestle|wrestling	мужчины-борцы	борьба|мужчина|спорт
PEOPLE	🤼‍♀️		women wrestling	combat|duel|grapple|ring|tournament|women|wrestle|wrestling	женщины-борцы	борцы|борчихи|борьба|женщины|спарринг|спорт
PEOPLE	🤽	🤽🏻 🤽🏼 🤽🏽 🤽🏾 🤽🏿	person playing water polo	person|playing|polo|sport|swimming|water|waterpolo	водное поло	вода|водное|поло|спорт|человек
PEOPLE	🤽‍♂️	🤽🏻‍♂️ 🤽🏼‍♂️ 🤽🏽‍♂️ 🤽🏾‍♂️ 🤽🏿‍♂️	man playing water polo	man|playing|polo|sport|swimming|water|waterpolo	мужчина играет в водное поло	вода|водное|мужчина|мяч|поло|спорт
PEOPLE	🤽‍♀️	🤽🏻‍♀️ 🤽🏼‍♀️ 🤽🏽‍♀️ 🤽🏾‍♀️ 🤽🏿‍♀️	woman playing water polo	playing|polo|sport|swimming|water|waterpolo|woman	женщина играет в водное поло	вода|водное|женщина|мяч|поло|спорт
PEOPLE	🤾	🤾🏻 🤾🏼 🤾🏽 🤾🏾 🤾🏿	person playing handball	athletics|ball|catch|chuck|handball|hurl|lob|person|pitch|playing|sport|throw|toss	гандбол	бросок|гандболист|мяч|спорт|спортсмен|человек
PEOPLE	🤾‍♂️	🤾🏻‍♂️ 🤾🏼‍♂️ 🤾🏽‍♂️ 🤾🏾‍♂️ 🤾🏿‍♂️	man playing handball	athletics|ball|catch|chuck|handball|hurl|lob|man|pitch|playing|sport|throw|toss	гандболист	гандбол|мужчина|спорт
PEOPLE	🤾‍♀️	🤾🏻‍♀️ 🤾🏼‍♀️ 🤾🏽‍♀️ 🤾🏾‍♀️ 🤾🏿‍♀️	woman playing handball	athletics|ball|catch|chuck|handball|hurl|lob|pitch|playing|sport|throw|toss|woman	гандболистка	бросок|гандбол|женщина|мяч|спорт|спортсменка
PEOPLE	🤹	🤹🏻 🤹🏼 🤹🏽 🤹🏾 🤹🏿	person juggling	act|balance|balancing|handle|juggle|juggling|manage|multitask|person|skill	жонглер	жонглирование|многозадачность|навык|равновесие
PEOPLE	🤹‍♂️	🤹🏻‍♂️ 🤹🏼‍♂️ 🤹🏽‍♂️ 🤹🏾‍♂️ 🤹🏿‍♂️	man juggling	act|balance|balancing|handle|juggle|juggling|man|manage|multitask|skill	мужчина-жонглер	жонглер|многозадачность|мужчина
PEOPLE	🤹‍♀️	🤹🏻‍♀️ 🤹🏼‍♀️ 🤹🏽‍♀️ 🤹🏾‍♀️ 🤹🏿‍♀️	woman juggling	act|balance|balancing|handle|juggle|juggling|manage|multitask|skill|woman	женщина-жонглер	женщина|жонглер|многозадачность
PEOPLE	🧘	🧘🏻 🧘🏼 🧘🏽 🧘🏾 🧘🏿	person in lotus position	cross|legged|legs|lotus|meditation|peace|person|position|relax|serenity|yoga|yogi|zen	человек в позе лотоса	йога|лотос|медитация|поза|расслабление
PEOPLE	🧘‍♂️	🧘🏻‍♂️ 🧘🏼‍♂️ 🧘🏽‍♂️ 🧘🏾‍♂️ 🧘🏿‍♂️	man in lotus position	cross|legged|legs|lotus|man|meditation|peace|position|relax|serenity|yoga|yogi|zen	мужчина в позе лотоса	йога|медитация|мужчина|расслабление
PEOPLE	🧘‍♀️	🧘🏻‍♀️ 🧘🏼‍♀️ 🧘🏽‍♀️ 🧘🏾‍♀️ 🧘🏿‍♀️	woman in lotus position	cross|legged|legs|lotus|meditation|peace|position|relax|serenity|woman|yoga|yogi|zen	женщина в позе лотоса	женщина|йога|медитация|расслабление
PEOPLE	🛀	🛀🏻 🛀🏼 🛀🏽 🛀🏾 🛀🏿	person taking bath	bath|bathtub|person|taking|tub	человек в ванне	ванна|ванная|вода|человек
PEOPLE	🛌	🛌🏻 🛌🏼 🛌🏽 🛌🏾 🛌🏿	person in bed	bed|bedtime|good|goodnight|hotel|nap|night|person|sleep|tired|zzz	человек в кровати	гостиница|кровать|ночь|отель|сон|спит|человек
PEOPLE	🧑‍🤝‍🧑	🧑🏻‍🤝‍🧑🏻 🧑🏻‍🤝‍🧑🏼 🧑🏻‍🤝‍🧑🏽 🧑🏻‍🤝‍🧑🏾 🧑🏻‍🤝‍🧑🏿 🧑🏼‍🤝‍🧑🏻 🧑🏼‍🤝‍🧑🏼 🧑🏼‍🤝‍🧑🏽 🧑🏼‍🤝‍🧑🏾 🧑🏼‍🤝‍🧑🏿 🧑🏽‍🤝‍🧑🏻 🧑🏽‍🤝‍🧑🏼 🧑🏽‍🤝‍🧑🏽 🧑🏽‍🤝‍🧑🏾 🧑🏽‍🤝‍🧑🏿 🧑🏾‍🤝‍🧑🏻 🧑🏾‍🤝‍🧑🏼 🧑🏾‍🤝‍🧑🏽 🧑🏾‍🤝‍🧑🏾 🧑🏾‍🤝‍🧑🏿 🧑🏿‍🤝‍🧑🏻 🧑🏿‍🤝‍🧑🏼 🧑🏿‍🤝‍🧑🏽 🧑🏿‍🤝‍🧑🏾 🧑🏿‍🤝‍🧑🏿	people holding hands	bae|bestie|bff|couple|dating|flirt|friends|hand|hold|people|twins	люди, держащиеся за руки	держаться|держащиеся|друзья|лучшие|люди|пара|руки|семья
PEOPLE	👭	👭🏻 👭🏼 👭🏽 👭🏾 👭🏿	women holding hands	bae|bestie|bff|couple|dating|flirt|friends|girls|hand|hold|sisters|twins|women	две женщины	держаться за руки|женщины|лучшие подруги|пара|подружки|руки|сестры
PEOPLE	👩🏻‍🤝‍👩🏼		women holding hands: light skin tone, medium-light skin tone	bae|bestie|bff|couple|dating|flirt|friends|girls|hand|hold|light skin tone|medium-light skin tone|sisters|twins|women	две женщины: очень светлый тон кожи светлый тон кожи	две женщины|держаться за руки|женщины|лучшие подруги|очень светлый тон кожи|пара|подружки|руки|светлый тон кожи|сестры
PEOPLE	👩🏻‍🤝‍👩🏽		women holding hands: light skin tone, medium skin tone	bae|bestie|bff|couple|dating|flirt|friends|girls|hand|hold|light skin tone|medium skin tone|sisters|twins|women	две женщины: очень светлый тон кожи средний тон кожи	две женщины|держаться за руки|женщины|лучшие подруги|очень светлый тон кожи|пара|подружки|руки|сестры|средний тон кожи
PEOPLE	👩🏻‍🤝‍👩🏾		women holding hands: light skin tone, medium-dark skin tone	bae|bestie|bff|couple|dating|flirt|friends|girls|hand|hold|light skin tone|medium-dark skin tone|sisters|twins|women	две женщины: очень светлый тон кожи темный тон кожи	две женщины|держаться за руки|женщины|лучшие подруги|очень светлый тон кожи|пара|подружки|руки|сестры|темный тон кожи
PEOPLE	👩🏻‍🤝‍👩🏿		women holding hands: light skin tone, dark skin tone	bae|bestie|bff|couple|dark skin tone|dating|flirt|friends|girls|hand|hold|light skin tone|sisters|twins|women	две женщины: очень светлый тон кожи очень темный тон кожи	две женщины|держаться за руки|женщины|лучшие подруги|очень светлый тон кожи|очень темный тон кожи|пара|подружки|руки|сестры
PEOPLE	👩🏼‍🤝‍👩🏻		women holding hands: medium-light skin tone, light skin tone	bae|bestie|bff|couple|dating|flirt|friends|girls|hand|hold|light skin tone|medium-light skin tone|sisters|twins|women	две женщины: светлый тон кожи очень светлый тон кожи	две женщины|держаться за руки|женщины|лучшие подруги|очень светлый тон кожи|пара|подружки|руки|светлый тон кожи|сестры
PEOPLE	👩🏼‍🤝‍👩🏽		women holding hands: medium-light skin tone, medium skin tone	bae|bestie|bff|couple|dating|flirt|friends|girls|hand|hold|medium skin tone|medium-light skin tone|sisters|twins|women	две женщины: светлый тон кожи средний тон кожи	две женщины|держаться за руки|женщины|лучшие подруги|пара|подружки|руки|светлый тон кожи|сестры|средний тон кожи
PEOPLE	👩🏼‍🤝‍👩🏾		women holding hands: medium-light skin tone, medium-dark skin tone	bae|bestie|bff|couple|dating|flirt|friends|girls|hand|hold|medium-dark skin tone|medium-light skin tone|sisters|twins|women	две женщины: светлый тон кожи темный тон кожи	две женщины|держаться за руки|женщины|лучшие подруги|пара|подружки|руки|светлый тон кожи|сестры|темный тон кожи
PEOPLE	👩🏼‍🤝‍👩🏿		women holding hands: medium-light skin tone, dark skin tone	bae|bestie|bff|couple|dark skin tone|dating|flirt|friends|girls|hand|hold|medium-light skin tone|sisters|twins|women	две женщины: светлый тон кожи очень темный тон кожи	две женщины|держаться за руки|женщины|лучшие подруги|очень темный тон кожи|пара|подружки|руки|светлый тон кожи|сестры
PEOPLE	👩🏽‍🤝‍👩🏻		women holding hands: medium skin tone, light skin tone	bae|bestie|bff|couple|dating|flirt|friends|girls|hand|hold|light skin tone|medium skin tone|sisters|twins|women	две женщины: средний тон кожи очень светлый тон кожи	две женщины|держаться за руки|женщины|лучшие подруги|очень светлый тон кожи|пара|подружки|руки|сестры|средний тон кожи
PEOPLE	👩🏽‍🤝‍👩🏼		women holding hands: medium skin tone, medium-light skin tone	bae|bestie|bff|couple|dating|flirt|friends|girls|hand|hold|medium skin tone|medium-light skin tone|sisters|twins|women	две женщины: средний тон кожи светлый тон кожи	две женщины|держаться за руки|женщины|лучшие подруги|пара|подружки|руки|светлый тон кожи|сестры|средний тон кожи
PEOPLE	👩🏽‍🤝‍👩🏾		women holding hands: medium skin tone, medium-dark skin tone	bae|bestie|bff|couple|dating|flirt|friends|girls|hand|hold|medium skin tone|medium-dark skin tone|sisters|twins|women	две женщины: средний тон кожи темный тон кожи	две женщины|держаться за руки|женщины|лучшие подруги|пара|подружки|руки|сестры|средний тон кожи|темный тон кожи
PEOPLE	👩🏽‍🤝‍👩🏿		women holding hands: medium skin tone, dark skin tone	bae|bestie|bff|couple|dark skin tone|dating|flirt|friends|girls|hand|hold|medium skin tone|sisters|twins|women	две женщины: средний тон кожи очень темный тон кожи	две женщины|держаться за руки|женщины|лучшие подруги|очень темный тон кожи|пара|подружки|руки|сестры|средний тон кожи
PEOPLE	👩🏾‍🤝‍👩🏻		women holding hands: medium-dark skin tone, light skin tone	bae|bestie|bff|couple|dating|flirt|friends|girls|hand|hold|light skin tone|medium-dark skin tone|sisters|twins|women	две женщины: темный тон кожи очень светлый тон кожи	две женщины|держаться за руки|женщины|лучшие подруги|очень светлый тон кожи|пара|подружки|руки|сестры|темный тон кожи
PEOPLE	👩🏾‍🤝‍👩🏼		women holding hands: medium-dark skin tone, medium-light skin tone	bae|bestie|bff|couple|dating|flirt|friends|girls|hand|hold|medium-dark skin tone|medium-light skin tone|sisters|twins|women	две женщины: темный тон кожи светлый тон кожи	две женщины|держаться за руки|женщины|лучшие подруги|пара|подружки|руки|светлый тон кожи|сестры|темный тон кожи
PEOPLE	👩🏾‍🤝‍👩🏽		women holding hands: medium-dark skin tone, medium skin tone	bae|bestie|bff|couple|dating|flirt|friends|girls|hand|hold|medium skin tone|medium-dark skin tone|sisters|twins|women	две женщины: темный тон кожи средний тон кожи	две женщины|держаться за руки|женщины|лучшие подруги|пара|подружки|руки|сестры|средний тон кожи|темный тон кожи
PEOPLE	👩🏾‍🤝‍👩🏿		women holding hands: medium-dark skin tone, dark skin tone	bae|bestie|bff|couple|dark skin tone|dating|flirt|friends|girls|hand|hold|medium-dark skin tone|sisters|twins|women	две женщины: темный тон кожи очень темный тон кожи	две женщины|держаться за руки|женщины|лучшие подруги|очень темный тон кожи|пара|подружки|руки|сестры|темный тон кожи
PEOPLE	👩🏿‍🤝‍👩🏻		women holding hands: dark skin tone, light skin tone	bae|bestie|bff|couple|dark skin tone|dating|flirt|friends|girls|hand|hold|light skin tone|sisters|twins|women	две женщины: очень темный тон кожи очень светлый тон кожи	две женщины|держаться за руки|женщины|лучшие подруги|очень светлый тон кожи|очень темный тон кожи|пара|подружки|руки|сестры
PEOPLE	👩🏿‍🤝‍👩🏼		women holding hands: dark skin tone, medium-light skin tone	bae|bestie|bff|couple|dark skin tone|dating|flirt|friends|girls|hand|hold|medium-light skin tone|sisters|twins|women	две женщины: очень темный тон кожи светлый тон кожи	две женщины|держаться за руки|женщины|лучшие подруги|очень темный тон кожи|пара|подружки|руки|светлый тон кожи|сестры
PEOPLE	👩🏿‍🤝‍👩🏽		women holding hands: dark skin tone, medium skin tone	bae|bestie|bff|couple|dark skin tone|dating|flirt|friends|girls|hand|hold|medium skin tone|sisters|twins|women	две женщины: очень темный тон кожи средний тон кожи	две женщины|держаться за руки|женщины|лучшие подруги|очень темный тон кожи|пара|подружки|руки|сестры|средний тон кожи
PEOPLE	👩🏿‍🤝‍👩🏾		women holding hands: dark skin tone, medium-dark skin tone	bae|bestie|bff|couple|dark skin tone|dating|flirt|friends|girls|hand|hold|medium-dark skin tone|sisters|twins|women	две женщины: очень темный тон кожи темный тон кожи	две женщины|держаться за руки|женщины|лучшие подруги|очень темный тон кожи|пара|подружки|руки|сестры|темный тон кожи
PEOPLE	👫	👫🏻 👫🏼 👫🏽 👫🏾 👫🏿	woman and man holding hands	bae|bestie|bff|couple|dating|flirt|friends|hand|hold|man|twins|woman	мужчина и женщина	держаться за руки|друзья|женщина|мужчина|пара|руки|свидание|флирт
PEOPLE	👩🏻‍🤝‍👨🏼		woman and man holding hands: light skin tone, medium-light skin tone	bae|bestie|bff|couple|dating|flirt|friends|hand|hold|light skin tone|man|medium-light skin tone|twins|woman	мужчина и женщина: очень светлый тон кожи светлый тон кожи	держаться за руки|друзья|женщина|мужчина|мужчина и женщина|очень светлый тон кожи|пара|руки|светлый тон кожи|свидание|флирт
PEOPLE	👩🏻‍🤝‍👨🏽		woman and man holding hands: light skin tone, medium skin tone	bae|bestie|bff|couple|dating|flirt|friends|hand|hold|light skin tone|man|medium skin tone|twins|woman	мужчина и женщина: очень светлый тон кожи средний тон кожи	держаться за руки|друзья|женщина|мужчина|мужчина и женщина|очень светлый тон кожи|пара|руки|свидание|средний тон кожи|флирт
PEOPLE	👩🏻‍🤝‍👨🏾		woman and man holding hands: light skin tone, medium-dark skin tone	bae|bestie|bff|couple|dating|flirt|friends|hand|hold|light skin tone|man|medium-dark skin tone|twins|woman	мужчина и женщина: очень светлый тон кожи темный тон кожи	держаться за руки|друзья|женщина|мужчина|мужчина и женщина|очень светлый тон кожи|пара|руки|свидание|темный тон кожи|флирт
PEOPLE	👩🏻‍🤝‍👨🏿		woman and man holding hands: light skin tone, dark skin tone	bae|bestie|bff|couple|dark skin tone|dating|flirt|friends|hand|hold|light skin tone|man|twins|woman	мужчина и женщина: очень светлый тон кожи очень темный тон кожи	держаться за руки|друзья|женщина|мужчина|мужчина и женщина|очень светлый тон кожи|очень темный тон кожи|пара|руки|свидание|флирт
PEOPLE	👩🏼‍🤝‍👨🏻		woman and man holding hands: medium-light skin tone, light skin tone	bae|bestie|bff|couple|dating|flirt|friends|hand|hold|light skin tone|man|medium-light skin tone|twins|woman	мужчина и женщина: светлый тон кожи очень светлый тон кожи	держаться за руки|друзья|женщина|мужчина|мужчина и женщина|очень светлый тон кожи|пара|руки|светлый тон кожи|свидание|флирт
PEOPLE	👩🏼‍🤝‍👨🏽		woman and man holding hands: medium-light skin tone, medium skin tone	bae|bestie|bff|couple|dating|flirt|friends|hand|hold|man|medium skin tone|medium-light skin tone|twins|woman	мужчина и женщина: светлый тон кожи средний тон кожи	держаться за руки|друзья|женщина|мужчина|мужчина и женщина|пара|руки|светлый тон кожи|свидание|средний тон кожи|флирт
PEOPLE	👩🏼‍🤝‍👨🏾		woman and man holding hands: medium-light skin tone, medium-dark skin tone	bae|bestie|bff|couple|dating|flirt|friends|hand|hold|man|medium-dark skin tone|medium-light skin tone|twins|woman	мужчина и женщина: светлый тон кожи темный тон кожи	держаться за руки|друзья|женщина|мужчина|мужчина и женщина|пара|руки|светлый тон кожи|свидание|темный тон кожи|флирт
PEOPLE	👩🏼‍🤝‍👨🏿		woman and man holding hands: medium-light skin tone, dark skin tone	bae|bestie|bff|couple|dark skin tone|dating|flirt|friends|hand|hold|man|medium-light skin tone|twins|woman	мужчина и женщина: светлый тон кожи очень темный тон кожи	держаться за руки|друзья|женщина|мужчина|мужчина и женщина|очень темный тон кожи|пара|руки|светлый тон кожи|свидание|флирт
PEOPLE	👩🏽‍🤝‍👨🏻		woman and man holding hands: medium skin tone, light skin tone	bae|bestie|bff|couple|dating|flirt|friends|hand|hold|light skin tone|man|medium skin tone|twins|woman	мужчина и женщина: средний тон кожи очень светлый тон кожи	держаться за руки|друзья|женщина|мужчина|мужчина и женщина|очень светлый тон кожи|пара|руки|свидание|средний тон кожи|флирт
PEOPLE	👩🏽‍🤝‍👨🏼		woman and man holding hands: medium skin tone, medium-light skin tone	bae|bestie|bff|couple|dating|flirt|friends|hand|hold|man|medium skin tone|medium-light skin tone|twins|woman	мужчина и женщина: средний тон кожи светлый тон кожи	держаться за руки|друзья|женщина|мужчина|мужчина и женщина|пара|руки|светлый тон кожи|свидание|средний тон кожи|флирт
PEOPLE	👩🏽‍🤝‍👨🏾		woman and man holding hands: medium skin tone, medium-dark skin tone	bae|bestie|bff|couple|dating|flirt|friends|hand|hold|man|medium skin tone|medium-dark skin tone|twins|woman	мужчина и женщина: средний тон кожи темный тон кожи	держаться за руки|друзья|женщина|мужчина|мужчина и женщина|пара|руки|свидание|средний тон кожи|темный тон кожи|флирт
PEOPLE	👩🏽‍🤝‍👨🏿		woman and man holding hands: medium skin tone, dark skin tone	bae|bestie|bff|couple|dark skin tone|dating|flirt|friends|hand|hold|man|medium skin tone|twins|woman	мужчина и женщина: средний тон кожи очень темный тон кожи	держаться за руки|друзья|женщина|мужчина|мужчина и женщина|очень темный тон кожи|пара|руки|свидание|средний тон кожи|флирт
PEOPLE	👩🏾‍🤝‍👨🏻		woman and man holding hands: medium-dark skin tone, light skin tone	bae|bestie|bff|couple|dating|flirt|friends|hand|hold|light skin tone|man|medium-dark skin tone|twins|woman	мужчина и женщина: темный тон кожи очень светлый тон кожи	держаться за руки|друзья|женщина|мужчина|мужчина и женщина|очень светлый тон кожи|пара|руки|свидание|темный тон кожи|флирт
PEOPLE	👩🏾‍🤝‍👨🏼		woman and man holding hands: medium-dark skin tone, medium-light skin tone	bae|bestie|bff|couple|dating|flirt|friends|hand|hold|man|medium-dark skin tone|medium-light skin tone|twins|woman	мужчина и женщина: темный тон кожи светлый тон кожи	держаться за руки|друзья|женщина|мужчина|мужчина и женщина|пара|руки|светлый тон кожи|свидание|темный тон кожи|флирт
PEOPLE	👩🏾‍🤝‍👨🏽		woman and man holding hands: medium-dark skin tone, medium skin tone	bae|bestie|bff|couple|dating|flirt|friends|hand|hold|man|medium skin tone|medium-dark skin tone|twins|woman	мужчина и женщина: темный тон кожи средний тон кожи	держаться за руки|друзья|женщина|мужчина|мужчина и женщина|пара|руки|свидание|средний тон кожи|темный тон кожи|флирт
PEOPLE	👩🏾‍🤝‍👨🏿		woman and man holding hands: medium-dark skin tone, dark skin tone	bae|bestie|bff|couple|dark skin tone|dating|flirt|friends|hand|hold|man|medium-dark skin tone|twins|woman	мужчина и женщина: темный тон кожи очень темный тон кожи	держаться за руки|друзья|женщина|мужчина|мужчина и женщина|очень темный тон кожи|пара|руки|свидание|темный тон кожи|флирт
PEOPLE	👩🏿‍🤝‍👨🏻		woman and man holding hands: dark skin tone, light skin tone	bae|bestie|bff|couple|dark skin tone|dating|flirt|friends|hand|hold|light skin tone|man|twins|woman	мужчина и женщина: очень темный тон кожи очень светлый тон кожи	держаться за руки|друзья|женщина|мужчина|мужчина и женщина|очень светлый тон кожи|очень темный тон кожи|пара|руки|свидание|флирт
PEOPLE	👩🏿‍🤝‍👨🏼		woman and man holding hands: dark skin tone, medium-light skin tone	bae|bestie|bff|couple|dark skin tone|dating|flirt|friends|hand|hold|man|medium-light skin tone|twins|woman	мужчина и женщина: очень темный тон кожи светлый тон кожи	держаться за руки|друзья|женщина|мужчина|мужчина и женщина|очень темный тон кожи|пара|руки|светлый тон кожи|свидание|флирт
PEOPLE	👩🏿‍🤝‍👨🏽		woman and man holding hands: dark skin tone, medium skin tone	bae|bestie|bff|couple|dark skin tone|dating|flirt|friends|hand|hold|man|medium skin tone|twins|woman	мужчина и женщина: очень темный тон кожи средний тон кожи	держаться за руки|друзья|женщина|мужчина|мужчина и женщина|очень темный тон кожи|пара|руки|свидание|средний тон кожи|флирт
PEOPLE	👩🏿‍🤝‍👨🏾		woman and man holding hands: dark skin tone, medium-dark skin tone	bae|bestie|bff|couple|dark skin tone|dating|flirt|friends|hand|hold|man|medium-dark skin tone|twins|woman	мужчина и женщина: очень темный тон кожи темный тон кожи	держаться за руки|друзья|женщина|мужчина|мужчина и женщина|очень темный тон кожи|пара|руки|свидание|темный тон кожи|флирт
PEOPLE	👬	👬🏻 👬🏼 👬🏽 👬🏾 👬🏿	men holding hands	bae|bestie|bff|boys|brothers|couple|dating|flirt|friends|hand|hold|men|twins	двое мужчин	близнецы|братья|двое|двойняшки|дружба|друзья|мужчины|пара
PEOPLE	👨🏻‍🤝‍👨🏼		men holding hands: light skin tone, medium-light skin tone	bae|bestie|bff|boys|brothers|couple|dating|flirt|friends|hand|hold|light skin tone|medium-light skin tone|men|twins	двое мужчин: очень светлый тон кожи светлый тон кожи	близнецы|братья|двое|двойняшки|дружба|друзья|мужчины|очень светлый тон кожи|пара|светлый тон кожи
PEOPLE	👨🏻‍🤝‍👨🏽		men holding hands: light skin tone, medium skin tone	bae|bestie|bff|boys|brothers|couple|dating|flirt|friends|hand|hold|light skin tone|medium skin tone|men|twins	двое мужчин: очень светлый тон кожи средний тон кожи	близнецы|братья|двое|двойняшки|дружба|друзья|мужчины|очень светлый тон кожи|пара|средний тон кожи
PEOPLE	👨🏻‍🤝‍👨🏾		men holding hands: light skin tone, medium-dark skin tone	bae|bestie|bff|boys|brothers|couple|dating|flirt|friends|hand|hold|light skin tone|medium-dark skin tone|men|twins	двое мужчин: очень светлый тон кожи темный тон кожи	близнецы|братья|двое|двойняшки|дружба|друзья|мужчины|очень светлый тон кожи|пара|темный тон кожи
PEOPLE	👨🏻‍🤝‍👨🏿		men holding hands: light skin tone, dark skin tone	bae|bestie|bff|boys|brothers|couple|dark skin tone|dating|flirt|friends|hand|hold|light skin tone|men|twins	двое мужчин: очень светлый тон кожи очень темный тон кожи	близнецы|братья|двое|двойняшки|дружба|друзья|мужчины|очень светлый тон кожи|очень темный тон кожи|пара
PEOPLE	👨🏼‍🤝‍👨🏻		men holding hands: medium-light skin tone, light skin tone	bae|bestie|bff|boys|brothers|couple|dating|flirt|friends|hand|hold|light skin tone|medium-light skin tone|men|twins	двое мужчин: светлый тон кожи очень светлый тон кожи	близнецы|братья|двое|двойняшки|дружба|друзья|мужчины|очень светлый тон кожи|пара|светлый тон кожи
PEOPLE	👨🏼‍🤝‍👨🏽		men holding hands: medium-light skin tone, medium skin tone	bae|bestie|bff|boys|brothers|couple|dating|flirt|friends|hand|hold|medium skin tone|medium-light skin tone|men|twins	двое мужчин: светлый тон кожи средний тон кожи	близнецы|братья|двое|двойняшки|дружба|друзья|мужчины|пара|светлый тон кожи|средний тон кожи
PEOPLE	👨🏼‍🤝‍👨🏾		men holding hands: medium-light skin tone, medium-dark skin tone	bae|bestie|bff|boys|brothers|couple|dating|flirt|friends|hand|hold|medium-dark skin tone|medium-light skin tone|men|twins	двое мужчин: светлый тон кожи темный тон кожи	близнецы|братья|двое|двойняшки|дружба|друзья|мужчины|пара|светлый тон кожи|темный тон кожи
PEOPLE	👨🏼‍🤝‍👨🏿		men holding hands: medium-light skin tone, dark skin tone	bae|bestie|bff|boys|brothers|couple|dark skin tone|dating|flirt|friends|hand|hold|medium-light skin tone|men|twins	двое мужчин: светлый тон кожи очень темный тон кожи	близнецы|братья|двое|двойняшки|дружба|друзья|мужчины|очень темный тон кожи|пара|светлый тон кожи
PEOPLE	👨🏽‍🤝‍👨🏻		men holding hands: medium skin tone, light skin tone	bae|bestie|bff|boys|brothers|couple|dating|flirt|friends|hand|hold|light skin tone|medium skin tone|men|twins	двое мужчин: средний тон кожи очень светлый тон кожи	близнецы|братья|двое|двойняшки|дружба|друзья|мужчины|очень светлый тон кожи|пара|средний тон кожи
PEOPLE	👨🏽‍🤝‍👨🏼		men holding hands: medium skin tone, medium-light skin tone	bae|bestie|bff|boys|brothers|couple|dating|flirt|friends|hand|hold|medium skin tone|medium-light skin tone|men|twins	двое мужчин: средний тон кожи светлый тон кожи	близнецы|братья|двое|двойняшки|дружба|друзья|мужчины|пара|светлый тон кожи|средний тон кожи
PEOPLE	👨🏽‍🤝‍👨🏾		men holding hands: medium skin tone, medium-dark skin tone	bae|bestie|bff|boys|brothers|couple|dating|flirt|friends|hand|hold|medium skin tone|medium-dark skin tone|men|twins	двое мужчин: средний тон кожи темный тон кожи	близнецы|братья|двое|двойняшки|дружба|друзья|мужчины|пара|средний тон кожи|темный тон кожи
PEOPLE	👨🏽‍🤝‍👨🏿		men holding hands: medium skin tone, dark skin tone	bae|bestie|bff|boys|brothers|couple|dark skin tone|dating|flirt|friends|hand|hold|medium skin tone|men|twins	двое мужчин: средний тон кожи очень темный тон кожи	близнецы|братья|двое|двойняшки|дружба|друзья|мужчины|очень темный тон кожи|пара|средний тон кожи
PEOPLE	👨🏾‍🤝‍👨🏻		men holding hands: medium-dark skin tone, light skin tone	bae|bestie|bff|boys|brothers|couple|dating|flirt|friends|hand|hold|light skin tone|medium-dark skin tone|men|twins	двое мужчин: темный тон кожи очень светлый тон кожи	близнецы|братья|двое|двойняшки|дружба|друзья|мужчины|очень светлый тон кожи|пара|темный тон кожи
PEOPLE	👨🏾‍🤝‍👨🏼		men holding hands: medium-dark skin tone, medium-light skin tone	bae|bestie|bff|boys|brothers|couple|dating|flirt|friends|hand|hold|medium-dark skin tone|medium-light skin tone|men|twins	двое мужчин: темный тон кожи светлый тон кожи	близнецы|братья|двое|двойняшки|дружба|друзья|мужчины|пара|светлый тон кожи|темный тон кожи
PEOPLE	👨🏾‍🤝‍👨🏽		men holding hands: medium-dark skin tone, medium skin tone	bae|bestie|bff|boys|brothers|couple|dating|flirt|friends|hand|hold|medium skin tone|medium-dark skin tone|men|twins	двое мужчин: темный тон кожи средний тон кожи	близнецы|братья|двое|двойняшки|дружба|друзья|мужчины|пара|средний тон кожи|темный тон кожи
PEOPLE	👨🏾‍🤝‍👨🏿		men holding hands: medium-dark skin tone, dark skin tone	bae|bestie|bff|boys|brothers|couple|dark skin tone|dating|flirt|friends|hand|hold|medium-dark skin tone|men|twins	двое мужчин: темный тон кожи очень темный тон кожи	близнецы|братья|двое|двойняшки|дружба|друзья|мужчины|очень темный тон кожи|пара|темный тон кожи
PEOPLE	👨🏿‍🤝‍👨🏻		men holding hands: dark skin tone, light skin tone	bae|bestie|bff|boys|brothers|couple|dark skin tone|dating|flirt|friends|hand|hold|light skin tone|men|twins	двое мужчин: очень темный тон кожи очень светлый тон кожи	близнецы|братья|двое|двойняшки|дружба|друзья|мужчины|очень светлый тон кожи|очень темный тон кожи|пара
PEOPLE	👨🏿‍🤝‍👨🏼		men holding hands: dark skin tone, medium-light skin tone	bae|bestie|bff|boys|brothers|couple|dark skin tone|dating|flirt|friends|hand|hold|medium-light skin tone|men|twins	двое мужчин: очень темный тон кожи светлый тон кожи	близнецы|братья|двое|двойняшки|дружба|друзья|мужчины|очень темный тон кожи|пара|светлый тон кожи
PEOPLE	👨🏿‍🤝‍👨🏽		men holding hands: dark skin tone, medium skin tone	bae|bestie|bff|boys|brothers|couple|dark skin tone|dating|flirt|friends|hand|hold|medium skin tone|men|twins	двое мужчин: очень темный тон кожи средний тон кожи	близнецы|братья|двое|двойняшки|дружба|друзья|мужчины|очень темный тон кожи|пара|средний тон кожи
PEOPLE	👨🏿‍🤝‍👨🏾		men holding hands: dark skin tone, medium-dark skin tone	bae|bestie|bff|boys|brothers|couple|dark skin tone|dating|flirt|friends|hand|hold|medium-dark skin tone|men|twins	двое мужчин: очень темный тон кожи темный тон кожи	близнецы|братья|двое|двойняшки|дружба|друзья|мужчины|очень темный тон кожи|пара|темный тон кожи
PEOPLE	💏	💏🏻 💏🏼 💏🏽 💏🏾 💏🏿	kiss	anniversary|babe|bae|couple|date|dating|heart|love|mwah|person|romance|together|xoxo	поцелуй	любовь|пара|романтика|чувства
PEOPLE	🧑🏻‍❤️‍💋‍🧑🏼		kiss: person, person, light skin tone, medium-light skin tone	anniversary|babe|bae|couple|date|dating|heart|kiss|light skin tone|love|medium-light skin tone|mwah|person|romance|together|xoxo	поцелуй: взрослый взрослый очень светлый тон кожи светлый тон кожи	взрослый|любовь|очень светлый тон кожи|пара|поцелуй|романтика|светлый тон кожи|чувства
PEOPLE	🧑🏻‍❤️‍💋‍🧑🏽		kiss: person, person, light skin tone, medium skin tone	anniversary|babe|bae|couple|date|dating|heart|kiss|light skin tone|love|medium skin tone|mwah|person|romance|together|xoxo	поцелуй: взрослый взрослый очень светлый тон кожи средний тон кожи	взрослый|любовь|очень светлый тон кожи|пара|поцелуй|романтика|средний тон кожи|чувства
PEOPLE	🧑🏻‍❤️‍💋‍🧑🏾		kiss: person, person, light skin tone, medium-dark skin tone	anniversary|babe|bae|couple|date|dating|heart|kiss|light skin tone|love|medium-dark skin tone|mwah|person|romance|together|xoxo	поцелуй: взрослый взрослый очень светлый тон кожи темный тон кожи	взрослый|любовь|очень светлый тон кожи|пара|поцелуй|романтика|темный тон кожи|чувства
PEOPLE	🧑🏻‍❤️‍💋‍🧑🏿		kiss: person, person, light skin tone, dark skin tone	anniversary|babe|bae|couple|dark skin tone|date|dating|heart|kiss|light skin tone|love|mwah|person|romance|together|xoxo	поцелуй: взрослый взрослый очень светлый тон кожи очень темный тон кожи	взрослый|любовь|очень светлый тон кожи|очень темный тон кожи|пара|поцелуй|романтика|чувства
PEOPLE	🧑🏼‍❤️‍💋‍🧑🏻		kiss: person, person, medium-light skin tone, light skin tone	anniversary|babe|bae|couple|date|dating|heart|kiss|light skin tone|love|medium-light skin tone|mwah|person|romance|together|xoxo	поцелуй: взрослый взрослый светлый тон кожи очень светлый тон кожи	взрослый|любовь|очень светлый тон кожи|пара|поцелуй|романтика|светлый тон кожи|чувства
PEOPLE	🧑🏼‍❤️‍💋‍🧑🏽		kiss: person, person, medium-light skin tone, medium skin tone	anniversary|babe|bae|couple|date|dating|heart|kiss|love|medium skin tone|medium-light skin tone|mwah|person|romance|together|xoxo	поцелуй: взрослый взрослый светлый тон кожи средний тон кожи	взрослый|любовь|пара|поцелуй|романтика|светлый тон кожи|средний тон кожи|чувства
PEOPLE	🧑🏼‍❤️‍💋‍🧑🏾		kiss: person, person, medium-light skin tone, medium-dark skin tone	anniversary|babe|bae|couple|date|dating|heart|kiss|love|medium-dark skin tone|medium-light skin tone|mwah|person|romance|together|xoxo	поцелуй: взрослый взрослый светлый тон кожи темный тон кожи	взрослый|любовь|пара|поцелуй|романтика|светлый тон кожи|темный тон кожи|чувства
PEOPLE	🧑🏼‍❤️‍💋‍🧑🏿		kiss: person, person, medium-light skin tone, dark skin tone	anniversary|babe|bae|couple|dark skin tone|date|dating|heart|kiss|love|medium-light skin tone|mwah|person|romance|together|xoxo	поцелуй: взрослый взрослый светлый тон кожи очень темный тон кожи	взрослый|любовь|очень темный тон кожи|пара|поцелуй|романтика|светлый тон кожи|чувства
PEOPLE	🧑🏽‍❤️‍💋‍🧑🏻		kiss: person, person, medium skin tone, light skin tone	anniversary|babe|bae|couple|date|dating|heart|kiss|light skin tone|love|medium skin tone|mwah|person|romance|together|xoxo	поцелуй: взрослый взрослый средний тон кожи очень светлый тон кожи	взрослый|любовь|очень светлый тон кожи|пара|поцелуй|романтика|средний тон кожи|чувства
PEOPLE	🧑🏽‍❤️‍💋‍🧑🏼		kiss: person, person, medium skin tone, medium-light skin tone	anniversary|babe|bae|couple|date|dating|heart|kiss|love|medium skin tone|medium-light skin tone|mwah|person|romance|together|xoxo	поцелуй: взрослый взрослый средний тон кожи светлый тон кожи	взрослый|любовь|пара|поцелуй|романтика|светлый тон кожи|средний тон кожи|чувства
PEOPLE	🧑🏽‍❤️‍💋‍🧑🏾		kiss: person, person, medium skin tone, medium-dark skin tone	anniversary|babe|bae|couple|date|dating|heart|kiss|love|medium skin tone|medium-dark skin tone|mwah|person|romance|together|xoxo	поцелуй: взрослый взрослый средний тон кожи темный тон кожи	взрослый|любовь|пара|поцелуй|романтика|средний тон кожи|темный тон кожи|чувства
PEOPLE	🧑🏽‍❤️‍💋‍🧑🏿		kiss: person, person, medium skin tone, dark skin tone	anniversary|babe|bae|couple|dark skin tone|date|dating|heart|kiss|love|medium skin tone|mwah|person|romance|together|xoxo	поцелуй: взрослый взрослый средний тон кожи очень темный тон кожи	взрослый|любовь|очень темный тон кожи|пара|поцелуй|романтика|средний тон кожи|чувства
PEOPLE	🧑🏾‍❤️‍💋‍🧑🏻		kiss: person, person, medium-dark skin tone, light skin tone	anniversary|babe|bae|couple|date|dating|heart|kiss|light skin tone|love|medium-dark skin tone|mwah|person|romance|together|xoxo	поцелуй: взрослый взрослый темный тон кожи очень светлый тон кожи	взрослый|любовь|очень светлый тон кожи|пара|поцелуй|романтика|темный тон кожи|чувства
PEOPLE	🧑🏾‍❤️‍💋‍🧑🏼		kiss: person, person, medium-dark skin tone, medium-light skin tone	anniversary|babe|bae|couple|date|dating|heart|kiss|love|medium-dark skin tone|medium-light skin tone|mwah|person|romance|together|xoxo	поцелуй: взрослый взрослый темный тон кожи светлый тон кожи	взрослый|любовь|пара|поцелуй|романтика|светлый тон кожи|темный тон кожи|чувства
PEOPLE	🧑🏾‍❤️‍💋‍🧑🏽		kiss: person, person, medium-dark skin tone, medium skin tone	anniversary|babe|bae|couple|date|dating|heart|kiss|love|medium skin tone|medium-dark skin tone|mwah|person|romance|together|xoxo	поцелуй: взрослый взрослый темный тон кожи средний тон кожи	взрослый|любовь|пара|поцелуй|романтика|средний тон кожи|темный тон кожи|чувства
PEOPLE	🧑🏾‍❤️‍💋‍🧑🏿		kiss: person, person, medium-dark skin tone, dark skin tone	anniversary|babe|bae|couple|dark skin tone|date|dating|heart|kiss|love|medium-dark skin tone|mwah|person|romance|together|xoxo	поцелуй: взрослый взрослый темный тон кожи очень темный тон кожи	взрослый|любовь|очень темный тон кожи|пара|поцелуй|романтика|темный тон кожи|чувства
PEOPLE	🧑🏿‍❤️‍💋‍🧑🏻		kiss: person, person, dark skin tone, light skin tone	anniversary|babe|bae|couple|dark skin tone|date|dating|heart|kiss|light skin tone|love|mwah|person|romance|together|xoxo	поцелуй: взрослый взрослый очень темный тон кожи очень светлый тон кожи	взрослый|любовь|очень светлый тон кожи|очень темный тон кожи|пара|поцелуй|романтика|чувства
PEOPLE	🧑🏿‍❤️‍💋‍🧑🏼		kiss: person, person, dark skin tone, medium-light skin tone	anniversary|babe|bae|couple|dark skin tone|date|dating|heart|kiss|love|medium-light skin tone|mwah|person|romance|together|xoxo	поцелуй: взрослый взрослый очень темный тон кожи светлый тон кожи	взрослый|любовь|очень темный тон кожи|пара|поцелуй|романтика|светлый тон кожи|чувства
PEOPLE	🧑🏿‍❤️‍💋‍🧑🏽		kiss: person, person, dark skin tone, medium skin tone	anniversary|babe|bae|couple|dark skin tone|date|dating|heart|kiss|love|medium skin tone|mwah|person|romance|together|xoxo	поцелуй: взрослый взрослый очень темный тон кожи средний тон кожи	взрослый|любовь|очень темный тон кожи|пара|поцелуй|романтика|средний тон кожи|чувства
PEOPLE	🧑🏿‍❤️‍💋‍🧑🏾		kiss: person, person, dark skin tone, medium-dark skin tone	anniversary|babe|bae|couple|dark skin tone|date|dating|heart|kiss|love|medium-dark skin tone|mwah|person|romance|together|xoxo	поцелуй: взрослый взрослый очень темный тон кожи темный тон кожи	взрослый|любовь|очень темный тон кожи|пара|поцелуй|романтика|темный тон кожи|чувства
PEOPLE	👩‍❤️‍💋‍👨	👩🏻‍❤️‍💋‍👨🏻 👩🏻‍❤️‍💋‍👨🏼 👩🏻‍❤️‍💋‍👨🏽 👩🏻‍❤️‍💋‍👨🏾 👩🏻‍❤️‍💋‍👨🏿 👩🏼‍❤️‍💋‍👨🏻 👩🏼‍❤️‍💋‍👨🏼 👩🏼‍❤️‍💋‍👨🏽 👩🏼‍❤️‍💋‍👨🏾 👩🏼‍❤️‍💋‍👨🏿 👩🏽‍❤️‍💋‍👨🏻 👩🏽‍❤️‍💋‍👨🏼 👩🏽‍❤️‍💋‍👨🏽 👩🏽‍❤️‍💋‍👨🏾 👩🏽‍❤️‍💋‍👨🏿 👩🏾‍❤️‍💋‍👨🏻 👩🏾‍❤️‍💋‍👨🏼 👩🏾‍❤️‍💋‍👨🏽 👩🏾‍❤️‍💋‍👨🏾 👩🏾‍❤️‍💋‍👨🏿 👩🏿‍❤️‍💋‍👨🏻 👩🏿‍❤️‍💋‍👨🏼 👩🏿‍❤️‍💋‍👨🏽 👩🏿‍❤️‍💋‍👨🏾 👩🏿‍❤️‍💋‍👨🏿	kiss: woman, man	anniversary|babe|bae|couple|date|dating|heart|kiss|love|man|mwah|person|romance|together|woman|xoxo	поцелуй: женщина мужчина	женщина|любовь|мужчина|пара|поцелуй|романтика|чувства
PEOPLE	👨‍❤️‍💋‍👨	👨🏻‍❤️‍💋‍👨🏻 👨🏻‍❤️‍💋‍👨🏼 👨🏻‍❤️‍💋‍👨🏽 👨🏻‍❤️‍💋‍👨🏾 👨🏻‍❤️‍💋‍👨🏿 👨🏼‍❤️‍💋‍👨🏻 👨🏼‍❤️‍💋‍👨🏼 👨🏼‍❤️‍💋‍👨🏽 👨🏼‍❤️‍💋‍👨🏾 👨🏼‍❤️‍💋‍👨🏿 👨🏽‍❤️‍💋‍👨🏻 👨🏽‍❤️‍💋‍👨🏼 👨🏽‍❤️‍💋‍👨🏽 👨🏽‍❤️‍💋‍👨🏾 👨🏽‍❤️‍💋‍👨🏿 👨🏾‍❤️‍💋‍👨🏻 👨🏾‍❤️‍💋‍👨🏼 👨🏾‍❤️‍💋‍👨🏽 👨🏾‍❤️‍💋‍👨🏾 👨🏾‍❤️‍💋‍👨🏿 👨🏿‍❤️‍💋‍👨🏻 👨🏿‍❤️‍💋‍👨🏼 👨🏿‍❤️‍💋‍👨🏽 👨🏿‍❤️‍💋‍👨🏾 👨🏿‍❤️‍💋‍👨🏿	kiss: man, man	anniversary|babe|bae|couple|date|dating|heart|kiss|love|man|mwah|person|romance|together|xoxo	поцелуй: мужчина мужчина	любовь|мужчина|пара|поцелуй|романтика|чувства
PEOPLE	👩‍❤️‍💋‍👩	👩🏻‍❤️‍💋‍👩🏻 👩🏻‍❤️‍💋‍👩🏼 👩🏻‍❤️‍💋‍👩🏽 👩🏻‍❤️‍💋‍👩🏾 👩🏻‍❤️‍💋‍👩🏿 👩🏼‍❤️‍💋‍👩🏻 👩🏼‍❤️‍💋‍👩🏼 👩🏼‍❤️‍💋‍👩🏽 👩🏼‍❤️‍💋‍👩🏾 👩🏼‍❤️‍💋‍👩🏿 👩🏽‍❤️‍💋‍👩🏻 👩🏽‍❤️‍💋‍👩🏼 👩🏽‍❤️‍💋‍👩🏽 👩🏽‍❤️‍💋‍👩🏾 👩🏽‍❤️‍💋‍👩🏿 👩🏾‍❤️‍💋‍👩🏻 👩🏾‍❤️‍💋‍👩🏼 👩🏾‍❤️‍💋‍👩🏽 👩🏾‍❤️‍💋‍👩🏾 👩🏾‍❤️‍💋‍👩🏿 👩🏿‍❤️‍💋‍👩🏻 👩🏿‍❤️‍💋‍👩🏼 👩🏿‍❤️‍💋‍👩🏽 👩🏿‍❤️‍💋‍👩🏾 👩🏿‍❤️‍💋‍👩🏿	kiss: woman, woman	anniversary|babe|bae|couple|date|dating|heart|kiss|love|mwah|person|romance|together|woman|xoxo	поцелуй: женщина женщина	женщина|любовь|пара|поцелуй|романтика|чувства
PEOPLE	💑	💑🏻 💑🏼 💑🏽 💑🏾 💑🏿	couple with heart	anniversary|babe|bae|couple|dating|heart|kiss|love|person|relationship|romance|together|you	влюбленная пара	влюбленные|любовь|люди|пара|свидание|сердце|чувства
PEOPLE	🧑🏻‍❤️‍🧑🏼		couple with heart: person, person, light skin tone, medium-light skin tone	anniversary|babe|bae|couple|dating|heart|kiss|light skin tone|love|medium-light skin tone|person|relationship|romance|together|you	влюбленная пара: взрослый взрослый очень светлый тон кожи светлый тон кожи	взрослый|влюбленные|любовь|люди|очень светлый тон кожи|пара|светлый тон кожи|свидание|сердце|чувства
PEOPLE	🧑🏻‍❤️‍🧑🏽		couple with heart: person, person, light skin tone, medium skin tone	anniversary|babe|bae|couple|dating|heart|kiss|light skin tone|love|medium skin tone|person|relationship|romance|together|you	влюбленная пара: взрослый взрослый очень светлый тон кожи средний тон кожи	взрослый|влюбленные|любовь|люди|очень светлый тон кожи|пара|свидание|сердце|средний тон кожи|чувства
PEOPLE	🧑🏻‍❤️‍🧑🏾		couple with heart: person, person, light skin tone, medium-dark skin tone	anniversary|babe|bae|couple|dating|heart|kiss|light skin tone|love|medium-dark skin tone|person|relationship|romance|together|you	влюбленная пара: взрослый взрослый очень светлый тон кожи темный тон кожи	взрослый|влюбленные|любовь|люди|очень светлый тон кожи|пара|свидание|сердце|темный тон кожи|чувства
PEOPLE	🧑🏻‍❤️‍🧑🏿		couple with heart: person, person, light skin tone, dark skin tone	anniversary|babe|bae|couple|dark skin tone|dating|heart|kiss|light skin tone|love|person|relationship|romance|together|you	влюбленная пара: взрослый взрослый очень светлый тон кожи очень темный тон кожи	взрослый|влюбленные|любовь|люди|очень светлый тон кожи|очень темный тон кожи|пара|свидание|сердце|чувства
PEOPLE	🧑🏼‍❤️‍🧑🏻		couple with heart: person, person, medium-light skin tone, light skin tone	anniversary|babe|bae|couple|dating|heart|kiss|light skin tone|love|medium-light skin tone|person|relationship|romance|together|you	влюбленная пара: взрослый взрослый светлый тон кожи очень светлый тон кожи	взрослый|влюбленные|любовь|люди|очень светлый тон кожи|пара|светлый тон кожи|свидание|сердце|чувства
PEOPLE	🧑🏼‍❤️‍🧑🏽		couple with heart: person, person, medium-light skin tone, medium skin tone	anniversary|babe|bae|couple|dating|heart|kiss|love|medium skin tone|medium-light skin tone|person|relationship|romance|together|you	влюбленная пара: взрослый взрослый светлый тон кожи средний тон кожи	взрослый|влюбленные|любовь|люди|пара|светлый тон кожи|свидание|сердце|средний тон кожи|чувства
PEOPLE	🧑🏼‍❤️‍🧑🏾		couple with heart: person, person, medium-light skin tone, medium-dark skin tone	anniversary|babe|bae|couple|dating|heart|kiss|love|medium-dark skin tone|medium-light skin tone|person|relationship|romance|together|you	влюбленная пара: взрослый взрослый светлый тон кожи темный тон кожи	взрослый|влюбленные|любовь|люди|пара|светлый тон кожи|свидание|сердце|темный тон кожи|чувства
PEOPLE	🧑🏼‍❤️‍🧑🏿		couple with heart: person, person, medium-light skin tone, dark skin tone	anniversary|babe|bae|couple|dark skin tone|dating|heart|kiss|love|medium-light skin tone|person|relationship|romance|together|you	влюбленная пара: взрослый взрослый светлый тон кожи очень темный тон кожи	взрослый|влюбленные|любовь|люди|очень темный тон кожи|пара|светлый тон кожи|свидание|сердце|чувства
PEOPLE	🧑🏽‍❤️‍🧑🏻		couple with heart: person, person, medium skin tone, light skin tone	anniversary|babe|bae|couple|dating|heart|kiss|light skin tone|love|medium skin tone|person|relationship|romance|together|you	влюбленная пара: взрослый взрослый средний тон кожи очень светлый тон кожи	взрослый|влюбленные|любовь|люди|очень светлый тон кожи|пара|свидание|сердце|средний тон кожи|чувства
PEOPLE	🧑🏽‍❤️‍🧑🏼		couple with heart: person, person, medium skin tone, medium-light skin tone	anniversary|babe|bae|couple|dating|heart|kiss|love|medium skin tone|medium-light skin tone|person|relationship|romance|together|you	влюбленная пара: взрослый взрослый средний тон кожи светлый тон кожи	взрослый|влюбленные|любовь|люди|пара|светлый тон кожи|свидание|сердце|средний тон кожи|чувства
PEOPLE	🧑🏽‍❤️‍🧑🏾		couple with heart: person, person, medium skin tone, medium-dark skin tone	anniversary|babe|bae|couple|dating|heart|kiss|love|medium skin tone|medium-dark skin tone|person|relationship|romance|together|you	влюбленная пара: взрослый взрослый средний тон кожи темный тон кожи	взрослый|влюбленные|любовь|люди|пара|свидание|сердце|средний тон кожи|темный тон кожи|чувства
PEOPLE	🧑🏽‍❤️‍🧑🏿		couple with heart: person, person, medium skin tone, dark skin tone	anniversary|babe|bae|couple|dark skin tone|dating|heart|kiss|love|medium skin tone|person|relationship|romance|together|you	влюбленная пара: взрослый взрослый средний тон кожи очень темный тон кожи	взрослый|влюбленные|любовь|люди|очень темный тон кожи|пара|свидание|сердце|средний тон кожи|чувства
PEOPLE	🧑🏾‍❤️‍🧑🏻		couple with heart: person, person, medium-dark skin tone, light skin tone	anniversary|babe|bae|couple|dating|heart|kiss|light skin tone|love|medium-dark skin tone|person|relationship|romance|together|you	влюбленная пара: взрослый взрослый темный тон кожи очень светлый тон кожи	взрослый|влюбленные|любовь|люди|очень светлый тон кожи|пара|свидание|сердце|темный тон кожи|чувства
PEOPLE	🧑🏾‍❤️‍🧑🏼		couple with heart: person, person, medium-dark skin tone, medium-light skin tone	anniversary|babe|bae|couple|dating|heart|kiss|love|medium-dark skin tone|medium-light skin tone|person|relationship|romance|together|you	влюбленная пара: взрослый взрослый темный тон кожи светлый тон кожи	взрослый|влюбленные|любовь|люди|пара|светлый тон кожи|свидание|сердце|темный тон кожи|чувства
PEOPLE	🧑🏾‍❤️‍🧑🏽		couple with heart: person, person, medium-dark skin tone, medium skin tone	anniversary|babe|bae|couple|dating|heart|kiss|love|medium skin tone|medium-dark skin tone|person|relationship|romance|together|you	влюбленная пара: взрослый взрослый темный тон кожи средний тон кожи	взрослый|влюбленные|любовь|люди|пара|свидание|сердце|средний тон кожи|темный тон кожи|чувства
PEOPLE	🧑🏾‍❤️‍🧑🏿		couple with heart: person, person, medium-dark skin tone, dark skin tone	anniversary|babe|bae|couple|dark skin tone|dating|heart|kiss|love|medium-dark skin tone|person|relationship|romance|together|you	влюбленная пара: взрослый взрослый темный тон кожи очень темный тон кожи	взрослый|влюбленные|любовь|люди|очень темный тон кожи|пара|свидание|сердце|темный тон кожи|чувства
PEOPLE	🧑🏿‍❤️‍🧑🏻		couple with heart: person, person, dark skin tone, light skin tone	anniversary|babe|bae|couple|dark skin tone|dating|heart|kiss|light skin tone|love|person|relationship|romance|together|you	влюбленная пара: взрослый взрослый очень темный тон кожи очень светлый тон кожи	взрослый|влюбленные|любовь|люди|очень светлый тон кожи|очень темный тон кожи|пара|свидание|сердце|чувства
PEOPLE	🧑🏿‍❤️‍🧑🏼		couple with heart: person, person, dark skin tone, medium-light skin tone	anniversary|babe|bae|couple|dark skin tone|dating|heart|kiss|love|medium-light skin tone|person|relationship|romance|together|you	влюбленная пара: взрослый взрослый очень темный тон кожи светлый тон кожи	взрослый|влюбленные|любовь|люди|очень темный тон кожи|пара|светлый тон кожи|свидание|сердце|чувства
PEOPLE	🧑🏿‍❤️‍🧑🏽		couple with heart: person, person, dark skin tone, medium skin tone	anniversary|babe|bae|couple|dark skin tone|dating|heart|kiss|love|medium skin tone|person|relationship|romance|together|you	влюбленная пара: взрослый взрослый очень темный тон кожи средний тон кожи	взрослый|влюбленные|любовь|люди|очень темный тон кожи|пара|свидание|сердце|средний тон кожи|чувства
PEOPLE	🧑🏿‍❤️‍🧑🏾		couple with heart: person, person, dark skin tone, medium-dark skin tone	anniversary|babe|bae|couple|dark skin tone|dating|heart|kiss|love|medium-dark skin tone|person|relationship|romance|together|you	влюбленная пара: взрослый взрослый очень темный тон кожи темный тон кожи	взрослый|влюбленные|любовь|люди|очень темный тон кожи|пара|свидание|сердце|темный тон кожи|чувства
PEOPLE	👩‍❤️‍👨	👩🏻‍❤️‍👨🏻 👩🏻‍❤️‍👨🏼 👩🏻‍❤️‍👨🏽 👩🏻‍❤️‍👨🏾 👩🏻‍❤️‍👨🏿 👩🏼‍❤️‍👨🏻 👩🏼‍❤️‍👨🏼 👩🏼‍❤️‍👨🏽 👩🏼‍❤️‍👨🏾 👩🏼‍❤️‍👨🏿 👩🏽‍❤️‍👨🏻 👩🏽‍❤️‍👨🏼 👩🏽‍❤️‍👨🏽 👩🏽‍❤️‍👨🏾 👩🏽‍❤️‍👨🏿 👩🏾‍❤️‍👨🏻 👩🏾‍❤️‍👨🏼 👩🏾‍❤️‍👨🏽 👩🏾‍❤️‍👨🏾 👩🏾‍❤️‍👨🏿 👩🏿‍❤️‍👨🏻 👩🏿‍❤️‍👨🏼 👩🏿‍❤️‍👨🏽 👩🏿‍❤️‍👨🏾 👩🏿‍❤️‍👨🏿	couple with heart: woman, man	anniversary|babe|bae|couple|dating|heart|kiss|love|man|person|relationship|romance|together|woman|you	влюбленная пара: женщина мужчина	влюбленные|женщина|любовь|люди|мужчина|пара|свидание|сердце|чувства
PEOPLE	👨‍❤️‍👨	👨🏻‍❤️‍👨🏻 👨🏻‍❤️‍👨🏼 👨🏻‍❤️‍👨🏽 👨🏻‍❤️‍👨🏾 👨🏻‍❤️‍👨🏿 👨🏼‍❤️‍👨🏻 👨🏼‍❤️‍👨🏼 👨🏼‍❤️‍👨🏽 👨🏼‍❤️‍👨🏾 👨🏼‍❤️‍👨🏿 👨🏽‍❤️‍👨🏻 👨🏽‍❤️‍👨🏼 👨🏽‍❤️‍👨🏽 👨🏽‍❤️‍👨🏾 👨🏽‍❤️‍👨🏿 👨🏾‍❤️‍👨🏻 👨🏾‍❤️‍👨🏼 👨🏾‍❤️‍👨🏽 👨🏾‍❤️‍👨🏾 👨🏾‍❤️‍👨🏿 👨🏿‍❤️‍👨🏻 👨🏿‍❤️‍👨🏼 👨🏿‍❤️‍👨🏽 👨🏿‍❤️‍👨🏾 👨🏿‍❤️‍👨🏿	couple with heart: man, man	anniversary|babe|bae|couple|dating|heart|kiss|love|man|person|relationship|romance|together|you	влюбленная пара: мужчина мужчина	влюбленные|любовь|люди|мужчина|пара|свидание|сердце|чувства
PEOPLE	👩‍❤️‍👩	👩🏻‍❤️‍👩🏻 👩🏻‍❤️‍👩🏼 👩🏻‍❤️‍👩🏽 👩🏻‍❤️‍👩🏾 👩🏻‍❤️‍👩🏿 👩🏼‍❤️‍👩🏻 👩🏼‍❤️‍👩🏼 👩🏼‍❤️‍👩🏽 👩🏼‍❤️‍👩🏾 👩🏼‍❤️‍👩🏿 👩🏽‍❤️‍👩🏻 👩🏽‍❤️‍👩🏼 👩🏽‍❤️‍👩🏽 👩🏽‍❤️‍👩🏾 👩🏽‍❤️‍👩🏿 👩🏾‍❤️‍👩🏻 👩🏾‍❤️‍👩🏼 👩🏾‍❤️‍👩🏽 👩🏾‍❤️‍👩🏾 👩🏾‍❤️‍👩🏿 👩🏿‍❤️‍👩🏻 👩🏿‍❤️‍👩🏼 👩🏿‍❤️‍👩🏽 👩🏿‍❤️‍👩🏾 👩🏿‍❤️‍👩🏿	couple with heart: woman, woman	anniversary|babe|bae|couple|dating|heart|kiss|love|person|relationship|romance|together|woman|you	влюбленная пара: женщина женщина	влюбленные|женщина|любовь|люди|пара|свидание|сердце|чувства
PEOPLE	👨‍👩‍👦		family: man, woman, boy	boy|child|family|man|woman	семья: мужчина женщина мальчик	женщина|мальчик|мужчина|портрет|ребенок|родители|семейный|семья
PEOPLE	👨‍👩‍👧		family: man, woman, girl	child|family|girl|man|woman	семья: мужчина женщина девочка	девочка|женщина|мужчина|портрет|ребенок|родители|семейный|семья
PEOPLE	👨‍👩‍👧‍👦		family: man, woman, girl, boy	boy|child|family|girl|man|woman	семья: мужчина женщина девочка мальчик	девочка|женщина|мальчик|мужчина|портрет|ребенок|родители|семейный|семья
PEOPLE	👨‍👩‍👦‍👦		family: man, woman, boy, boy	boy|child|family|man|woman	семья: мужчина женщина мальчик мальчик	женщина|мальчик|мужчина|портрет|ребенок|родители|семейный|семья
PEOPLE	👨‍👩‍👧‍👧		family: man, woman, girl, girl	child|family|girl|man|woman	семья: мужчина женщина девочка девочка	девочка|женщина|мужчина|портрет|ребенок|родители|семейный|семья
PEOPLE	👨‍👨‍👦		family: man, man, boy	boy|child|family|man	семья: мужчина мужчина мальчик	мальчик|мужчина|портрет|ребенок|родители|семейный|семья
PEOPLE	👨‍👨‍👧		family: man, man, girl	child|family|girl|man	семья: мужчина мужчина девочка	девочка|мужчина|портрет|ребенок|родители|семейный|семья
PEOPLE	👨‍👨‍👧‍👦		family: man, man, girl, boy	boy|child|family|girl|man	семья: мужчина мужчина девочка мальчик	девочка|мальчик|мужчина|портрет|ребенок|родители|семейный|семья
PEOPLE	👨‍👨‍👦‍👦		family: man, man, boy, boy	boy|child|family|man	семья: мужчина мужчина мальчик мальчик	мальчик|мужчина|портрет|ребенок|родители|семейный|семья
PEOPLE	👨‍👨‍👧‍👧		family: man, man, girl, girl	child|family|girl|man	семья: мужчина мужчина девочка девочка	девочка|мужчина|портрет|ребенок|родители|семейный|семья
PEOPLE	👩‍👩‍👦		family: woman, woman, boy	boy|child|family|woman	семья: женщина женщина мальчик	женщина|мальчик|портрет|ребенок|родители|семейный|семья
PEOPLE	👩‍👩‍👧		family: woman, woman, girl	child|family|girl|woman	семья: женщина женщина девочка	девочка|женщина|портрет|ребенок|родители|семейный|семья
PEOPLE	👩‍👩‍👧‍👦		family: woman, woman, girl, boy	boy|child|family|girl|woman	семья: женщина женщина девочка мальчик	девочка|женщина|мальчик|портрет|ребенок|родители|семейный|семья
PEOPLE	👩‍👩‍👦‍👦		family: woman, woman, boy, boy	boy|child|family|woman	семья: женщина женщина мальчик мальчик	женщина|мальчик|портрет|ребенок|родители|семейный|семья
PEOPLE	👩‍👩‍👧‍👧		family: woman, woman, girl, girl	child|family|girl|woman	семья: женщина женщина девочка девочка	девочка|женщина|портрет|ребенок|родители|семейный|семья
PEOPLE	👨‍👦		family: man, boy	boy|child|family|man	семья: мужчина мальчик	мальчик|мужчина|портрет|ребенок|родители|семейный|семья
PEOPLE	👨‍👦‍👦		family: man, boy, boy	boy|child|family|man	семья: мужчина мальчик мальчик	мальчик|мужчина|портрет|ребенок|родители|семейный|семья
PEOPLE	👨‍👧		family: man, girl	child|family|girl|man	семья: мужчина девочка	девочка|мужчина|портрет|ребенок|родители|семейный|семья
PEOPLE	👨‍👧‍👦		family: man, girl, boy	boy|child|family|girl|man	семья: мужчина девочка мальчик	девочка|мальчик|мужчина|портрет|ребенок|родители|семейный|семья
PEOPLE	👨‍👧‍👧		family: man, girl, girl	child|family|girl|man	семья: мужчина девочка девочка	девочка|мужчина|портрет|ребенок|родители|семейный|семья
PEOPLE	👩‍👦		family: woman, boy	boy|child|family|woman	семья: женщина мальчик	женщина|мальчик|портрет|ребенок|родители|семейный|семья
PEOPLE	👩‍👦‍👦		family: woman, boy, boy	boy|child|family|woman	семья: женщина мальчик мальчик	женщина|мальчик|портрет|ребенок|родители|семейный|семья
PEOPLE	👩‍👧		family: woman, girl	child|family|girl|woman	семья: женщина девочка	девочка|женщина|портрет|ребенок|родители|семейный|семья
PEOPLE	👩‍👧‍👦		family: woman, girl, boy	boy|child|family|girl|woman	семья: женщина девочка мальчик	девочка|женщина|мальчик|портрет|ребенок|родители|семейный|семья
PEOPLE	👩‍👧‍👧		family: woman, girl, girl	child|family|girl|woman	семья: женщина девочка девочка	девочка|женщина|портрет|ребенок|родители|семейный|семья
PEOPLE	🗣️		speaking head	face|head|silhouette|speak|speaking	говорящая голова	говорить|говорящая|голова|кричать|речь|силуэт
PEOPLE	👤		bust in silhouette	bust|mysterious|shadow|silhouette	силуэт человека	бюст|лицо|силуэт|таинственный|тайна|тень|человек
PEOPLE	👥		busts in silhouette	bff|bust|busts|everyone|friend|friends|people|silhouette	два силуэта	бюст|головы|двое|лицо|люди|силуэт|темный|тень
PEOPLE	🫂		people hugging	comfort|embrace|farewell|friendship|goodbye|hello|hug|hugging|love|people|thanks	обнимающиеся люди	дружба|любовь|обнимашки|объятия|пока|привет|прощай|спасибо|успокоить
PEOPLE	👪		family	child	семья	портрет|ребенок|родители|семейный
PEOPLE	🧑‍🧑‍🧒		family: adult, adult, child	adult|child|family	семья: двое взрослых и ребенок	семья с одним ребенком
PEOPLE	🧑‍🧑‍🧒‍🧒		family: adult, adult, child, child	adult|child|family	семья: двое взрослых и двое детей	семья с двумя детьми
PEOPLE	🧑‍🧒		family: adult, child	adult|child|family	семья: взрослый и ребенок	неполная семья с одним ребенком|родитель-одиночка с одним ребенком
PEOPLE	🧑‍🧒‍🧒		family: adult, child, child	adult|child|family	семья: взрослый и двое детей	неполная семья с двумя детьми|родитель-одиночка с двумя детьми
PEOPLE	👣		footprints	barefoot|clothing|footprint|omw|print|walk	следы	нога|подошва|рельеф|след|человек
PEOPLE	🫆		fingerprint	clue|crime|detective|forensics|identity|mystery|print|safety|trace	отпечаток пальца	безопасность|биометрия|идентификация|криминалистика
ANIMALS	🐵		monkey face	animal|banana|face|monkey	морда обезьяны	животное|морда|обезьяна|обезьянья
ANIMALS	🐒		monkey	animal|banana	обезьяна	животное
ANIMALS	🦍		gorilla	animal	горилла	животное|обезьяна
ANIMALS	🦧		orangutan	animal|ape|monkey	орангутан	обезьяна|орангутанг|примат|человекоподобная|человекоподобный
ANIMALS	🐶		dog face	adorbs|animal|dog|face|pet|puppies|puppy	морда собаки	животное|морда|пес|собака|собачья
ANIMALS	🐕		dog	animal|animals|dogs|pet	собака	животное|пес|питомец|щенок
ANIMALS	🦮		guide dog	accessibility|animal|blind|dog|guide	собака-поводырь	инвалид|поводырь|помощь|слепой|собака
ANIMALS	🐕‍🦺		service dog	accessibility|animal|assistance|dog|service	служебная собака	инвалид|поиск|поисковая|помощь|собака
ANIMALS	🐩		poodle	animal|dog|fluffy	пудель	домашнее животное|животное|порода|собака
ANIMALS	🐺		wolf	animal|face	морда волка	волк|волчья|животное|морда|собака
ANIMALS	🦊		fox	animal|face	морда лисицы	животное|лис|лиса|лисица|лисья|морда
ANIMALS	🦝		raccoon	animal|curious|sly	морда енота	енот|животное|любопытный|морда|полоскун
ANIMALS	🐱		cat face	animal|cat|face|kitten|kitty|pet	морда кошки	животное|кот|кошачья|кошка|морда|питомец
ANIMALS	🐈		cat	animal|animals|cats|kitten|pet	кошка	животное|кот|котенок|питомец
ANIMALS	🐈‍⬛		black cat	animal|black|cat|feline|halloween|meow|unlucky	черная кошка	кот|кошка|мяу|несчастье|неудача|плохая|примета|черная|черный
ANIMALS	🦁		lion	alpha|animal|face|Leo|mane|order|rawr|roar|safari|strong|zodiac	морда льва	гороскоп|грива|животное|знак|знак зодиака|зодиак|лев|морда
ANIMALS	🐯		tiger face	animal|big|cat|face|predator|tiger	морда тигра	животное|зверь|морда|тигр|тигренок|тигриная
ANIMALS	🐅		tiger	animal|big|cat|predator|zoo	тигр	животное|зверь|зоопарк|кошка|хищник
ANIMALS	🐆		leopard	animal|big|cat|predator|zoo	леопард	гепард|животное|зверь|зоопарк|кошка|хищник
ANIMALS	🐴		horse face	animal|dressage|equine|face|farm|horse|horses	морда лошади	конь|лошадиная|лошадь|морда
ANIMALS	🫎		moose	alces|animal|antlers|elk|mammal	лось	животное|млекопитающее|рога|рогатый|сохатый
ANIMALS	🫏		donkey	animal|ass|burro|hinny|mammal|mule|stubborn	осел	животное|ишак|млекопитающее|мул|ослик|упрямый
ANIMALS	🐎		horse	animal|equestrian|farm|racehorse|racing	лошадь	жеребец|животное|конь|скаковая|скакун|скачки
ANIMALS	🦄		unicorn	face	голова единорога	единорог|животное|морда|рог|сказочное|фэнтези
ANIMALS	🦓		zebra	animal|stripe	зебра	зебры|полосатая|полоски|черно-белая
ANIMALS	🦌		deer	animal	олень	грация|животное|зверь|рога
ANIMALS	🦬		bison	animal|buffalo|herd|wisent	бизон	буйвол|животное|зубр|стадо|як
ANIMALS	🐮		cow face	animal|cow|face|farm|milk|moo	морда коровы	животное|корова|коровья|морда|му|рога
ANIMALS	🐂		ox	animal|animals|bull|farm|Taurus|zodiac	бык	гороскоп|животное|знак|зодиак|телец
ANIMALS	🐃		water buffalo	animal|buffalo|water|zoo	буйвол	животное|зверь|зоопарк|рога
ANIMALS	🐄		cow	animal|animals|farm|milk|moo	корова	животное|молоко|рога|ферма
ANIMALS	🐷		pig face	animal|bacon|face|farm|pig|pork	морда свиньи	бекон|животное|морда|поросенок|пятачок|сало|свинина|свинья|хрюшка
ANIMALS	🐖		pig	animal|bacon|farm|pork|sow	свинья	бекон|животное|ферма|хрюшка
ANIMALS	🐗		boar	animal|pig	кабан	голова|дикий|животное|клыки
ANIMALS	🐽		pig nose	animal|face|farm|nose|pig|smell|snout	свиной пятачок	морда|поросенок|пятак|пятачок|свинья|хрю|хрюшка
ANIMALS	🐏		ram	animal|Aries|horns|male|sheep|zodiac|zoo	баран	гороскоп|животное|знак|зодиак|овен|рога
ANIMALS	🐑		ewe	animal|baa|farm|female|fluffy|lamb|sheep|wool	овца	баран|жвачное|животное|парнокопытное|рога|ферма|шерсть|ягненок|ягнятина
ANIMALS	🐐		goat	animal|Capricorn|farm|milk|zodiac	коза	животное|знак зодиака|зодиак|козел|козерог
ANIMALS	🐪		camel	animal|desert|dromedary|hump|one	одногорбый верблюд	верблюд|горб|дромадер|один|пустыня
ANIMALS	🐫		two-hump camel	animal|bactrian|camel|desert|hump|two|two-hump	двугорбый верблюд	бактриан|верблюд|горб|жвачное|животное|один|парнокопытное|пустыня
ANIMALS	🦙		llama	alpaca|animal|guanaco|vicuña|wool	лама	альпака|викунья|гуанако|животное|копытное|руно|шерсть
ANIMALS	🦒		giraffe	animal|spots	жираф	длинная шея|животное|пятна|пятнистый|шея
ANIMALS	🐘		elephant	animal	слон	животное|хобот
ANIMALS	🦣		mammoth	animal|extinction|large|tusk|wooly	мамонт	бивень|большой|вымирание|животное|мохнатый|предок
ANIMALS	🦏		rhinoceros	animal	носорог	животное|рог
ANIMALS	🦛		hippopotamus	animal|hippo	гиппопотам	бегемот|животное
ANIMALS	🐭		mouse face	animal|face|mouse	морда мыши	грызун|морда|мышка|мышь
ANIMALS	🐁		mouse	animal|animals	мышь	белая мышь|грызун|крыса|мышка|мышонок|хвост
ANIMALS	🐀		rat	animal	крыса	грызун
ANIMALS	🐹		hamster	animal|face|pet	морда хомяка	домашнее животное|животное|морда|мордочка|мышь|хомяк
ANIMALS	🐰		rabbit face	animal|bunny|face|pet|rabbit	морда кролика	домашнее|животное|зайчик|кролик|морда
ANIMALS	🐇		rabbit	animal|bunny|pet	кролик	белый|домашнее|животное|зайчик|заяц
ANIMALS	🐿️		chipmunk	animal|squirrel	бурундук	белочка|животное|орех
ANIMALS	🦫		beaver	animal|dam|teeth	бобр	бобер|грызть|животное|зубы|плотина
ANIMALS	🦔		hedgehog	animal|spiny	еж	ежик|животное|иголка|иголки|колючий|колючки
ANIMALS	🦇		bat	animal|vampire	летучая мышь	вампир|животное|летучая|мышь
ANIMALS	🐻		bear	animal|face|grizzly|growl|honey	морда медведя	бурый|животное|медведь|морда
ANIMALS	🐻‍❄️		polar bear	animal|arctic|bear|polar|white	морда белого медведя	белый медведь|животное|медведь|полярный медведь|северный полюс
ANIMALS	🐨		koala	animal|australia|bear|down|face|marsupial|under	морда коалы	австралия|животное|коала|медведь|морда|эвкалипт
ANIMALS	🐼		panda	animal|bamboo|face	морда панды	животное|медведь|морда|панда
ANIMALS	🦥		sloth	lazy|slow	ленивец	животное|лень|медленно|медленный|спать
ANIMALS	🦦		otter	animal|fishing|playful	выдра	вода|животное|играть|ловить|рыбалка
ANIMALS	🦨		skunk	animal|stink	скунс	вонь|вонючка|вонять|животное|фу
ANIMALS	🦘		kangaroo	animal|joey|jump|marsupial	кенгуру	австралия|Австралия|животное|скакать|сумка|сумчатое|сумчатые
ANIMALS	🦡		badger	animal|honey|pester	барсук	животное|носуха
ANIMALS	🐾		paw prints	feet|paw|paws|print|prints	следы животного	животное|лапы|отпечатки|следы
ANIMALS	🦃		turkey	bird|gobble|thanksgiving	индейка	благодарение|благодарения|индюк|крылья|птица
ANIMALS	🐔		chicken	animal|bird|ornithology	курица	голова|петух|птица|цыпленок
ANIMALS	🐓		rooster	animal|bird|ornithology	петух	гребешок|петушок|птица
ANIMALS	🐣		hatching chick	animal|baby|bird|chick|egg|hatching	цыпленок в яйце	вылупился|желтый|цыпленок|яйцо
ANIMALS	🐤		baby chick	animal|baby|bird|chick|ornithology	цыпленок боком	голова|голова цыпленка|клюв|маленький|цыпленок
ANIMALS	🐥		front-facing baby chick	animal|baby|bird|chick|front-facing|newborn|ornithology	цыпленок	крылья|курица|маленький
ANIMALS	🐦		bird	animal|ornithology	птица	голова|голубь
ANIMALS	🐧		penguin	animal|antarctica|bird|ornithology	пингвин	антарктика|арктика|голова|животное|зоопарк|птица
ANIMALS	🕊️		dove	bird|fly|ornithology|peace	голубь	белый|мир|полет|преданность|чистота
ANIMALS	🦅		eagle	animal|bird|ornithology	орел	птица|хищник
ANIMALS	🦆		duck	animal|bird|ornithology	утка	птица|селезень
ANIMALS	🦢		swan	animal|bird|cygnet|duckling|ornithology|ugly	лебедь	белый лебедь|водоплавающее|гадкий утенок|птица
ANIMALS	🦉		owl	animal|bird|ornithology|wise	сова	мудрость|птица|филин
ANIMALS	🦤		dodo	animal|bird|extinction|large|ornithology	дронт	большой|вымерший|додо|маврикий|птица
ANIMALS	🪶		feather	bird|flight|light|plumage	перо	лёгкий|оперение|перышко|писать|полёт|птица
ANIMALS	🦩		flamingo	animal|bird|flamboyant|ornithology|tropical	фламинго	птица|розовый|тропики|тропическая|тропический
ANIMALS	🦚		peacock	animal|bird|colorful|ornithology|ostentatious|peahen|pretty|proud	павлин	веер|красивый|перья|птица|хвост|цветной
ANIMALS	🦜		parrot	animal|bird|ornithology|pirate|talk	попугай	ара|говорить|говорящий|пират|птица|птица-говорун
ANIMALS	🪽		wing	angelic|ascend|aviation|bird|fly|flying|heavenly|mythology|soar	крыло	авиация|ангельский|летать|мифология|полет|птица
ANIMALS	🐦‍⬛		black bird	animal|beak|bird|black|caw|corvid|crow|ornithology|raven|rook	черная птица	ворон|ворона|врановый|грач|каркать|клюв|птица|черный|чёрный
ANIMALS	🪿		goose	animal|bird|duck|flock|fowl|gaggle|gander|geese|honk|ornithology|silly	гусь	глупый|гогот|гоготать|гуси|дичь|птица|утка
ANIMALS	🐦‍🔥		phoenix	ascend|ascension|emerge|fantasy|firebird|glory|immortal|rebirth|reincarnation|reinvent|renewal|revival|revive|rise|transform	феникс	возрождение|восстать|заново|огненная птица|птица феникс|реинкарнация|сказка|сказочная птица
ANIMALS	🐸		frog	animal|face	голова лягушки	голова|жаба|зеленая|лягушка|морда
ANIMALS	🐊		crocodile	animal|zoo	крокодил	аллигатор|зеленый
ANIMALS	🐢		turtle	animal|terrapin|tortoise	черепаха	зеленая
ANIMALS	🦎		lizard	animal|reptile	ящерица	зеленая|рептилия
ANIMALS	🐍		snake	animal|bearer|Ophiuchus|serpent|zodiac	змея	гадюка|змееносец|знак|зодиак|опасность|яд
ANIMALS	🐲		dragon face	animal|dragon|face|fairy|fairytale|tale	голова дракона	дракон|морда|морда дракона|сказка|фентези|фэнтези
ANIMALS	🐉		dragon	animal|fairy|fairytale|knights|tale	дракон	голова|зеленый дракон|змея|морда|сказка|фентези|фэнтези
ANIMALS	🦕		sauropod	brachiosaurus|brontosaurus|dinosaur|diplodocus	зауропод	брахиозавр|бронтозавр|динозавр|диплодок
ANIMALS	🦖		T-Rex	dinosaur|Rex|T|Tyrannosaurus	Ти-Рекс	динозавр|рекс|тираннозавр
ANIMALS	🐳		spouting whale	animal|beach|face|ocean|spouting|whale	кит с фонтанчиком	брызги|вода|кит
ANIMALS	🐋		whale	animal|beach|ocean	кит	животное|океан
ANIMALS	🐬		dolphin	animal|beach|flipper|ocean	дельфин	вода|море|океан|пляж
ANIMALS	🦭		seal	animal|lion|ocean|sea	тюлень	животное|морской котик|морской лев|нерпа|океан
ANIMALS	🐟		fish	animal|dinner|fishes|fishing|Pisces|zodiac	рыба	гороскоп|знак зодиака|зодиак|рыбалка|рыбы
ANIMALS	🐠		tropical fish	animal|fish|fishes|tropical	тропическая рыба	рыба|тропики|экзотическая
ANIMALS	🐡		blowfish	animal|fish	рыба-еж	еж|иголки|рыба
ANIMALS	🦈		shark	animal|fish	акула	рыба|хищник
ANIMALS	🐙		octopus	animal|creature|ocean	осьминог	океан|спрут|щупальца
ANIMALS	🐚		spiral shell	animal|beach|conch|sea|shell|spiral	раковина	моллюск|ракушка|спираль|улитка
ANIMALS	🪸		coral	change|climate|ocean|reef|sea	коралл	изменение климата|море|океан|природа|риф
ANIMALS	🪼		jellyfish	animal|aquarium|burn|invertebrate|jelly|life|marine|ocean|ouch|plankton|sea|sting|stinger|tentacles	медуза	беспозвоночное|морское|ожог|ой|ужалить
ANIMALS	🦀		crab	Cancer|zodiac	краб	знак|зодиак|клешни|рак
ANIMALS	🦞		lobster	animal|bisque|claws|seafood	омар	животное|клешни|лангуст|лобстер|морепродукты|рак
ANIMALS	🦐		shrimp	food|shellfish|small	креветка	еда|маленькая|морепродукты|ракообразные|рачок
ANIMALS	🦑		squid	animal|food|mollusk	кальмар	еда|моллюск|щупальца
ANIMALS	🦪		oyster	diving|pearl	устрица	жемчуг|жемчужина|нырять|раковина|ракушка|устричный
ANIMALS	🐌		snail	animal|escargot|garden|nature|slug	улитка	медленно|ползти|раковина
ANIMALS	🦋		butterfly	insect|pretty	бабочка	красота|мотылек|насекомое
ANIMALS	🐛		bug	animal|garden|insect	гусеница	жук|многоножка|насекомое|сороконожка
ANIMALS	🐜		ant	animal|garden|insect	муравей	насекомое
ANIMALS	🐝		honeybee	animal|bee|bumblebee|honey|insect|nature|spring	пчела	жало|желто-черная|мед|насекомое|природа
ANIMALS	🪲		beetle	animal|bug|insect	жук	букашка|жучок|клоп|насекомое
ANIMALS	🐞		lady beetle	animal|beetle|garden|insect|lady|ladybird|ladybug|nature	божья коровка	божья|жук|жучок|коровка|насекомое|природа|сад
ANIMALS	🦗		cricket	animal|bug|grasshopper|insect|Orthoptera	сверчок	кузнечик|насекомое|цикада
ANIMALS	🪳		cockroach	animal|insect|pest|roach	таракан	вредитель|мерзкий|насекомое|прусак
ANIMALS	🕷️		spider	animal|insect	паук	насекомое|черная вдова
ANIMALS	🕸️		spider web	spider|web	паутина	паук|сети|сеть
ANIMALS	🦂		scorpion	Scorpio|Scorpius|zodiac	скорпион	гороскоп|знак|знак зодиака|зодиак
ANIMALS	🦟		mosquito	bite|disease|fever|insect|malaria|pest|virus	комар	вирус|кровосос|лихорадка|малярия|москит|насекомое|укус
ANIMALS	🪰		fly	animal|disease|insect|maggot|pest|rotting	муха	вредитель|зараза|личинка|насекомое
ANIMALS	🪱		worm	animal|annelid|earthworm|parasite	червяк	дождевой червь|животное|земляной червь|круглый червь|паразит|червь
ANIMALS	🦠		microbe	amoeba|bacteria|science|virus	микроб	амеба|бактерия|вирус|наука
ANIMALS	💐		bouquet	anniversary|birthday|date|flower|love|plant|romance	букет	любовь|подарок|поздравление|праздник|розы|романтика|свидание|тюльпаны|цветы
ANIMALS	🌸		cherry blossom	blossom|cherry|flower|plant|spring|springtime	цветок вишни	мальва|сакура|цвести|цветок
ANIMALS	💮		white flower	flower|white	белый цветок	белый|цветок
ANIMALS	🪷		lotus	beauty|Buddhism|calm|flower|Hinduism|peace|purity|serenity	лотос	буддизм|индуизм|красота|медитация|спокойствие|умиротворение|цветок|чистота
ANIMALS	🏵️		rosette	plant	розетка	растение|розочка|цветок
ANIMALS	🌹		rose	beauty|elegant|flower|love|plant|red|valentine	роза	бутон|валентинка|красная|красота|любовь|растение|цветок|элегантность
ANIMALS	🥀		wilted flower	dying|flower|wilted	увядший цветок	завяла|лепесток|роза|увядший|цветок
ANIMALS	🌺		hibiscus	flower|plant	гибискус	китайская роза|цветок
ANIMALS	🌻		sunflower	flower|outdoors|plant|sun	подсолнух	солнце|цветок
ANIMALS	🌼		blossom	buttercup|dandelion|flower|plant	цветок	растение
ANIMALS	🌷		tulip	blossom|flower|growth|plant	тюльпан	цвести|цветок
ANIMALS	🪻		hyacinth	bloom|bluebonnet|flower|indigo|lavender|lilac|lupine|plant|purple|shrub|snapdragon|spring|violet	гиацинт	лаванда|львиный зев|люпин|цветок
ANIMALS	🌱		seedling	plant|sapling|sprout|young	росток	молодое растение|молодой|новое растение|новый|растение
ANIMALS	🪴		potted plant	decor|grow|house|nurturing|plant|pot|potted	растение в горшке	горшок|домашнее растение|растение|растение в доме|цветок в горшке
ANIMALS	🌲		evergreen tree	christmas|evergreen|forest|pine|tree	елка	вечнозеленое дерево|дерево|ель|лес|новый год
ANIMALS	🌳		deciduous tree	deciduous|forest|green|habitat|shedding|tree	дерево	зеленое|листва|растение
ANIMALS	🌴		palm tree	beach|palm|plant|tree|tropical	пальма	дерево|тропики
ANIMALS	🌵		cactus	desert|drought|nature|plant	кактус	зеленое|колючки|мексика|растение|текила
ANIMALS	🌾		sheaf of rice	ear|grain|grains|plant|rice|sheaf	колос	зерно|пшеница|рис
ANIMALS	🌿		herb	leaf|plant	веточка	ветка|листья|трава
ANIMALS	☘️		shamrock	irish|plant	трилистник	Ирландия|клевер|растение
ANIMALS	🍀		four leaf clover	4|clover|four|four-leaf|irish|leaf|lucky|plant	четырехлистный клевер	клевер|удача|четыре
ANIMALS	🍁		maple leaf	falling|leaf|maple	кленовый лист	клен|красный|лист|осень
ANIMALS	🍂		fallen leaf	autumn|fall|fallen|falling|leaf	падающие листья	листопад|листья|осень
ANIMALS	🍃		leaf fluttering in wind	blow|flutter|fluttering|leaf|wind	листья на ветру	ветер|листопад|листья
ANIMALS	🪹		empty nest	branch|empty|home|nest|nesting	пустое гнездо	гнездо|гнездование|домой|природа|птицы|пусто
ANIMALS	🪺		nest with eggs	bird|branch|egg|eggs|nest|nesting	гнездо с яйцами	гнездо|гнездование|кладка яиц|природа|птицы|яйца
ANIMALS	🍄		mushroom	fungus|toadstool	гриб	мухомор|несъедобный|поганка|ядовитый
ANIMALS	🪾		leafless tree	bare|barren|branches|dead|drought|leafless|tree|trunk|winter|wood	дерево без листвы	дерево без листьев|засуха|зима
FOOD	🍇		grapes	Dionysus|fruit|grape	виноград	ветвь винограда|виноградина|сок|фрукт
FOOD	🍈		melon	cantaloupe|fruit	дыня	растение|фрукт|ягода
FOOD	🍉		watermelon	fruit	арбуз	растение|фрукт|ягода
FOOD	🍊		tangerine	c|citrus|fruit|nectarine|orange|vitamin	мандарин	апельсин|клементин|фрукт|цитрус|цитрусовый
FOOD	🍋		lemon	citrus|fruit|sour	лимон	кислый|фрукт|цитрус|цитрусовый
FOOD	🍋‍🟩		lime	acidity|citrus|cocktail|fruit|garnish|key|margarita|mojito|refreshing|salsa|sour|tangy|tequila|tropical|zest	лайм	зеленый|кислота|коктейль|маргарита|мохито|сок|текила|тропический|фрукт|цитрус|цитрусовый
FOOD	🍌		banana	fruit|potassium	банан	фрукт
FOOD	🍍		pineapple	colada|fruit|pina|tropical	ананас	фрукт
FOOD	🥭		mango	food|fruit|tropical	манго	еда|сладкий|тропики|тропический|фрукт
FOOD	🍎		red apple	apple|diet|food|fruit|health|red|ripe	красное яблоко	зрелое|красное|фрукт|яблоко
FOOD	🍏		green apple	apple|fruit|green	зеленое яблоко	зеленое|фрукт|яблоко
FOOD	🍐		pear	fruit	груша	фрукт
FOOD	🍑		peach	fruit	персик	нектарин|фрукт
FOOD	🍒		cherries	berries|cherry|fruit|red	вишня	вишни|дерево|плоды|фрукт|черешни|черешня
FOOD	🍓		strawberry	berry|fruit	клубника	земляника|ягода
FOOD	🫐		blueberries	berries|berry|bilberry|blue|blueberry|food|fruit	голубика	голубой|черника|ягода
FOOD	🥝		kiwi fruit	food|fruit|kiwi	киви	еда|фрукт
FOOD	🍅		tomato	food|fruit|vegetable	помидор	овощ|томат|ягода
FOOD	🫒		olive	food	оливка	еда|маслина|олива
FOOD	🥥		coconut	colada|palm|piña	кокос	кокосы|орех|пальма|пина колада
FOOD	🥑		avocado	food|fruit	авокадо	еда|фрукт
FOOD	🍆		eggplant	aubergine|vegetable	баклажан	овощ|синенькие|синенький
FOOD	🥔		potato	food|vegetable	картофель	еда|картошка|овощ
FOOD	🥕		carrot	food|vegetable	морковь	еда|морковка|овощ
FOOD	🌽		ear of corn	corn|crops|ear|farm|maize|maze	кукурузный початок	кукуруза|початок
FOOD	🌶️		hot pepper	hot|pepper	острый перец	красный|острый|перец|растение|чили
FOOD	🫑		bell pepper	bell|capsicum|food|pepper|vegetable	болгарский перец	еда|овощ|перец|растение|сладкий
FOOD	🥒		cucumber	food|pickle|vegetable	огурец	еда|зелень|овощ|огурчик|соленье
FOOD	🥬		leafy green	bok|burgers|cabbage|choy|green|kale|leafy|lettuce|salad	зеленый салат	ботва|зеленый|капуста|латук|листовой|листья|салат
FOOD	🥦		broccoli	cabbage|wild	брокколи	капуста
FOOD	🧄		garlic	flavoring	чеснок	вкус|головка|готовить|еда|запах|приправа|специя|чесночный
FOOD	🧅		onion	flavoring	лук	головка|готовить|еда|луковица|луковый|плакать|репчатый
FOOD	🥜		peanuts	food|nut|peanut|vegetable	арахис	еда|овощ|орех
FOOD	🫘		beans	food|kidney|legume|small	фасоль	бобовые|бобы|еда|кидни
FOOD	🌰		chestnut	almond|plant	каштан	растение
FOOD	🫚		ginger root	beer|ginger|health|herb|natural|root|spice	корень имбиря	имбирь|корень|специя
FOOD	🫛		pea pod	beans|beanstalk|edamame|legume|pea|pod|soybean|vegetable|veggie	стручок гороха	бобовые|бобы|горох|овощ|стручок|эдамамэ
FOOD	🍄‍🟫		brown mushroom	food|fungi|fungus|mushroom|nature|pizza|portobello|shiitake|shroom|spore|sprout|toppings|truffle|vegetable|vegetarian|veggie	бурый гриб	вегетарианство|веги|гриб|грибок|грибочек|грибы|еда|овощ|природа
FOOD	🫜		root vegetable	beet|food|garden|radish|root|salad|turnip|vegetable|vegetarian	корнеплод	корень|овощ|огород|репа|свекла
FOOD	🍞		bread	carbs|food|grain|loaf|restaurant|toast|wheat	хлеб	батон|буханка
FOOD	🥐		croissant	bread|breakfast|crescent|food|french|roll	круассан	еда|рогалик|французский|хлеб
FOOD	🥖		baguette bread	baguette|bread|food|french	багет	батон|булка|еда|французский|хлеб
FOOD	🫓		flatbread	arepa|bread|food|gordita|lavash|naan|pita	лепешка	еда|лаваш|наан|пита|тортилья|хлеб
FOOD	🥨		pretzel	convoluted|twisted	крендель	брецель|бублик|закрученный|претцель
FOOD	🥯		bagel	bakery|bread|breakfast|schmear	бублик	баранка|бейгель|бейгл|выпечка|еда|завтрак|намазать
FOOD	🥞		pancakes	breakfast|crêpe|food|hotcake|pancake	блины	блинчики|еда|масленица|оладьи|оладья
FOOD	🧇		waffle	breakfast|indecisive|iron	вафля	вафельный|вафли|десерт|еда|завтрак
FOOD	🧀		cheese wedge	cheese|wedge	сыр	дырки|желтый|кусок
FOOD	🍖		meat on bone	bone|meat	мясо на косточке	кость|мясо|рулька
FOOD	🍗		poultry leg	bone|chicken|drumstick|hungry|leg|poultry|turkey	куриная ножка	еда|кость|курица|нога|окорочок|птица
FOOD	🥩		cut of meat	chop|cut|lambchop|meat|porkchop|red|steak	кусок мяса	вырезка|красное мясо|кусок|мясо|отбивная|стейк
FOOD	🥓		bacon	breakfast|food|meat	бекон	еда|мясо
FOOD	🍔		hamburger	burger|eat|fast|food|hungry	гамбургер	бургер|бутерброд|сэндвич|фастфуд
FOOD	🍟		french fries	fast|food|french|fries	картофель фри	картофель|картошка|фастфуд|фри
FOOD	🍕		pizza	cheese|food|hungry|pepperoni|slice	пицца	кусок|кусок пиццы|перекус|сыр
FOOD	🌭		hot dog	dog|frankfurter|hot|hotdog|sausage	хот-дог	в тесте|горчица|перекус|сосиска|тесто
FOOD	🥪		sandwich	bread	сэндвич	бутерброд|сендвич|хлеб
FOOD	🌮		taco	mexican	тако	кухня|мексика|мексиканская кухня|перекус
FOOD	🌯		burrito	mexican|wrap	буррито	бурритос|кухня|мексика|мексиканская кухня|ролл|тортилья
FOOD	🫔		tamale	food|mexican|pamonha|wrapped	тамале	еда|завернутый|мексиканский|памонья|тамал
FOOD	🥙		stuffed flatbread	falafel|flatbread|food|gyro|kebab|stuffed	шаурма	еда|кебаб|лаваш|перекус|пита|фалафель|шаверма
FOOD	🧆		falafel	chickpea|meatball	фалафель	бобовый|бобы|вегетарианский|горох|гороховый|еда|нут|шарик
FOOD	🥚		egg	breakfast|food	яйцо	еда|завтрак|скорлупа
FOOD	🍳		cooking	breakfast|easy|egg|fry|frying|over|pan|restaurant|side|sunny|up	яичница на сковороде	глазунья|жарить|желток|завтрак|сковорода|яичница|яйцо
FOOD	🥘		shallow pan of food	casserole|food|paella|pan|shallow	рагу в сковороде	еда|паэлья|плов|рагу|сковорода
FOOD	🍲		pot of food	food|pot|soup|stew	кастрюля с горячей едой	горячая еда|горячее|кастрюля|обед|первое|суп|тарелка с горячей едой
FOOD	🫕		fondue	cheese|chocolate|food|melted|pot|ski	фондю	еда|какелон|плавленый|сыр|швейцарский|шоколад
FOOD	🥣		bowl with spoon	bowl|breakfast|cereal|congee|oatmeal|porridge|spoon	миска с ложкой	глубокая|гранола|завтрак|каша|миска|мюсли|пиала|тарелка|хлопья
FOOD	🥗		green salad	food|green|salad	овощной салат	еда|овощи|овощная нарезка|огород|салат|урожай
FOOD	🍿		popcorn	corn|movie|pop	попкорн	кукуруза|стакан
FOOD	🧈		butter	dairy	масло	готовить|еда|масленка|масляный|молокопродукты|молочный|сливки|сливочное
FOOD	🧂		salt	condiment|flavor|mad|salty|shaker|taste|upset	солонка	вкус|еда|морская соль|приправа|соленый|соль
FOOD	🥫		canned food	can|canned|food	консервы	банка|банка сгущенки|жестянка|консервированная еда|консервная банка
FOOD	🍱		bento box	bento|box|food	бэнто	бенто|бизнес ланч|коробка с суши и рисом|обед
FOOD	🍘		rice cracker	cracker|food|rice	рисовый крекер	крекер|рис
FOOD	🍙		rice ball	ball|food|Japanese|rice	онигири	рис|рисовый шар|рисовый шарик|шарик|япония
FOOD	🍚		cooked rice	cooked|food|rice	рис	вареный|гарнир|еда|миска|обед|плошка|тарелка|чашка
FOOD	🍛		curry rice	curry|food|rice	рис с карри	карри|обед|рис
FOOD	🍜		steaming bowl	bowl|chopsticks|food|noodle|pho|ramen|soup|steaming	лапша	доширак|локшина|миска|обед|пар|чашка
FOOD	🍝		spaghetti	food|meatballs|pasta|restaurant	спагетти	вермишель|лапша|макаронные изделия|макароны|паста
FOOD	🍠		roasted sweet potato	food|potato|roasted|sweet	печеный сладкий картофель	батат|картофель|картошка|сладкий картофель
FOOD	🍢		oden	food|kebab|restaurant|seafood|skewer|stick	одэн	закуска|на палочке|шашлык|шашлычок из морепродуктов
FOOD	🍣		sushi	food	суши	кухня|япония
FOOD	🍤		fried shrimp	fried|prawn|shrimp|tempura	жареная креветка	креветка|креветки|темпура
FOOD	🍥		fish cake with swirl	cake|fish|food|pastry|restaurant|swirl	камабоко	начинка|рыба|рыбная котлета|сурими|юла
FOOD	🥮		moon cake	autumn|cake|festival|moon|yuèbǐng	лунный пирог	лунный пряник|осень|фестиваль|юэбин
FOOD	🍡		dango	dessert|Japanese|skewer|stick|sweet	данго	десерт|конфета|леденец|мороженое на палочке|на палочке|сладости|сладость|японский
FOOD	🥟		dumpling	empanada|gyōza|jiaozi|pierogi|potsticker	вареник	вареники|гёдза|колдуны|пельмени|равиоли|ушки|цзяоцзы
FOOD	🥠		fortune cookie	cookie|fortune|prophecy	печенье с предсказанием	гадание|оракул|печенье|предсказание
FOOD	🥡		takeout box	box|chopsticks|delivery|food|oyster|pail|takeout	коробка для еды на вынос	доставка еды|еда на вынос|еда с собой|коробка с едой|на вынос|палочки|с собой
FOOD	🍦		soft ice cream	cream|dessert|food|ice|icecream|restaurant|serve|soft|sweet	мороженое в стаканчике	ванильное мороженое|вафельный стаканчик|вафля|десерт|мороженое|мягкое мороженое|рожок
FOOD	🍧		shaved ice	dessert|ice|restaurant|shaved|sweet	мороженое в креманке	десерт|креманка|мороженое|строганый лед
FOOD	🍨		ice cream	cream|dessert|food|ice|restaurant|sweet	мороженое	десерт|сладкое|холодное
FOOD	🍩		doughnut	breakfast|dessert|donut|food|sweet	пончик	глазурь|пирожок|сладкое
FOOD	🍪		cookie	chip|chocolate|dessert|sweet	печенье	выпечка|десерт|сладкое|сладость
FOOD	🎂		birthday cake	bday|birthday|cake|celebration|dessert|happy|pastry|sweet	торт ко дню рождения	выпечка|день рождения|отмечать|пирог|праздник|с днем рождения|свечи|свечки|сладкое|торт
FOOD	🍰		shortcake	cake|dessert|pastry|slice|sweet	кусочек торта	выпечка|десерт|крем|сладкая|торт
FOOD	🧁		cupcake	bakery|dessert|sprinkles|sugar|sweet|treat	капкейк	выпечка|десерт|еда|кекс|корзиночка с кремом|пирожное|сахар|сладости
FOOD	🥧		pie	apple|filling|fruit|meat|pastry|pumpkin|slice	пирог	выпечка|кусок пирога|мясной пирог|сдоба|торт|фруктовый пирог|шарлотка
FOOD	🍫		chocolate bar	bar|candy|chocolate|dessert|halloween|sweet|tooth	шоколад	десерт|какао|плитка шоколада|сладость|шоколадка
FOOD	🍬		candy	cavities|dessert|halloween|restaurant|sweet|tooth|wrapper	конфета	леденец|обертка|сладкая|сладость|фантик
FOOD	🍭		lollipop	candy|dessert|food|restaurant|sweet	леденец	конфета|конфета на палочке|леденец на палочке|на палочке|палочка|радуга|сладкий|сладость
FOOD	🍮		custard	dessert|pudding|sweet	пудинг	десерт|сладкий
FOOD	🍯		honey pot	barrel|bear|food|honey|honeypot|jar|pot|sweet	мед	бочонок|бочонок меда|горшок|горшок с медом
FOOD	🍼		baby bottle	babies|baby|birth|born|bottle|drink|infant|milk|newborn	бутылочка с соской	бутылка|дети|кормить|молоко|новорожденный|прикорм|сосать|соска
FOOD	🥛		glass of milk	drink|glass|milk	стакан молока	молоко|напиток|полный стакан|стакан
FOOD	☕		hot beverage	beverage|cafe|caffeine|chai|coffee|drink|hot|morning|steaming|tea	горячий напиток	горячий|кипяток|кофе|напиток|пар|чаепитие|чай
FOOD	🫖		teapot	brew|drink|food|pot|tea	чайник	заварка|заварочный чайник|напиток|чай
FOOD	🍵		teacup without handle	beverage|cup|drink|handle|oolong|tea|teacup	чашка без ручки	зеленый|чай|чашка|чашка зеленого чая|чашка чая
FOOD	🍶		sake	bar|beverage|bottle|cup|drink|restaurant	бутылка саке	водка|выпивать|горячее|саке|япония
FOOD	🍾		bottle with popping cork	bar|bottle|cork|drink|popping	шампанское	бутылка|вино|игристое|отмечать|праздновать|пробка
FOOD	🍷		wine glass	alcohol|bar|beverage|booze|club|drink|drinking|drinks|glass|restaurant|wine	бокал вина	алкоголь|бокал|вино|красное вино
FOOD	🍸		cocktail glass	alcohol|bar|booze|club|cocktail|drink|drinking|drinks|glass|mad|martini|men	коктейль	бар|бокал|напиток
FOOD	🍹		tropical drink	alcohol|bar|booze|club|cocktail|drink|drinking|drinks|drunk|mai|party|tai|tropical|tropics	тропический коктейль	зонтик|напиток|прохладительный|соломинка|тропики
FOOD	🍺		beer mug	alcohol|ale|bar|beer|booze|drink|drinking|drinks|mug|octoberfest|oktoberfest|pint|stein|summer	кружка пива	кружка|пена|пенное|пивная кружка|пиво
FOOD	🍻		clinking beer mugs	alcohol|bar|beer|booze|bottoms|cheers|clink|clinking|drinking|drinks|mugs	чокающиеся кружки	бар|выпивать|кружки пива|пенное|пивные кружки|пиво|тост|чокнуться
FOOD	🥂		clinking glasses	celebrate|clink|clinking|drink|glass|glasses	чокающиеся бокалы	бокал|годовщина|звон|напиток|отмечать|праздник|праздновать|шампанское
FOOD	🥃		tumbler glass	glass|liquor|scotch|shot|tumbler|whiskey|whisky	стакан с виски	бурбон|вино|виски|коктейль|коньяк|ликер|стакан|стакан для виски
FOOD	🫗		pouring liquid	accident|drink|empty|glass|liquid|oops|pour|pouring|spill|water	стакан с жидкостью	вода|выливать|вылить|наливать|напиток|оплошность|опустошить|пролить|пустой|случайность|стакан
FOOD	🥤		cup with straw	cup|drink|juice|malt|soda|soft|straw|water	стакан с соломинкой	вода|газировка|кола|минеральная вода|напиток|питье|сок|стакан с газировкой|стаканчик с трубочкой
FOOD	🧋		bubble tea	boba|bubble|food|milk|pearl|tea	чай с шариками	баббл|бабл|боба чай|еда|жемчужный|молоко|напиток|чай|шарик
FOOD	🧃		beverage box	beverage|box|juice|straw|sweet	пакетик сока	картон|напиток|пакет|пить|сок|трубочка
FOOD	🧉		mate	drink	мате	матэ|напиток|пить|трубочка|чай
FOOD	🧊		ice	cold|cube|iceberg	кубик льда	кубик|лед|ледяной|холод|холодный
FOOD	🥢		chopsticks	hashi|jeotgarak|kuaizi	палочки для еды	палочки|палочки для суши|приборы|столовые|японские палочки
FOOD	🍽️		fork and knife with plate	cooking|dinner|eat|fork|knife|plate	тарелка с приборами	вилка|нож|прибор|сервировка|стол|столовый|тарелка
FOOD	🍴		fork and knife	breakfast|breaky|cooking|cutlery|delicious|dinner|eat|feed|food|fork|hungry|knife|lunch|restaurant|yum|yummy	вилка и нож	вилка|еда|завтрак|нож|обед|перекус|прибор|ресторан|ужин
FOOD	🥄		spoon	eat|tableware	ложка	ложечка|прибор|приборы|стол|столовые|столовый прибор|чайная
FOOD	🔪		kitchen knife	chef|cooking|hocho|kitchen|knife|tool|weapon	нож	кухонный|оружие|острие|резать|холодное
FOOD	🫙		jar	condiment|container|empty|nothing|sauce|store	банка	варенье|мариновать|пустая|соленья|хранить
FOOD	🏺		amphora	Aquarius|cooking|drink|jug|tool|weapon|zodiac	амфора	кувшин|сосуд
TRAVEL	🌍		globe showing Europe-Africa	Africa|earth|Europe|Europe-Africa|globe|showing|world	Европа и Африка на земном шаре	Африка|глобус|Европа|Земля|земной шар|шар
TRAVEL	🌎		globe showing Americas	Americas|earth|globe|showing|world	Америка на земном шаре	Америка|глобус|земной|мир|шар
TRAVEL	🌏		globe showing Asia-Australia	Asia|Asia-Australia|Australia|earth|globe|showing|world	Азия и Австралия на земном шаре	Австралия|Азия|глобус|Земля|земной шар|шар
TRAVEL	🌐		globe with meridians	earth|globe|internet|meridians|web|world|worldwide	меридианы	глобус|Земля|земной|меридиан|мир|шар
TRAVEL	🗺️		world map	map|world	карта мира	атлас|карта|мир|страны
TRAVEL	🗾		map of Japan	Japan|map	карта Японии	атлас|карта|Япония
TRAVEL	🧭		compass	direction|magnetic|navigation|orienteering	компас	магнит|навигация|направление|ориентирование|поход|путешествие|путь|света|стороны|турист
TRAVEL	🏔️		snow-capped mountain	cold|mountain|snow|snow-capped	гора со снежной шапкой	вершина|гора|снег
TRAVEL	⛰️		mountain		гора	вершина|пик
TRAVEL	🌋		volcano	eruption|mountain|nature	вулкан	извержение вулкана|кратер|лава
TRAVEL	🗻		mount fuji	fuji|mount|mountain|nature	Фудзияма	вулкан|гора
TRAVEL	🏕️		camping		кемпинг	лагерь|палатка|поход
TRAVEL	🏖️		beach with umbrella	beach|umbrella	пляж	зонт|лето|море|остров|отпуск|пальма|песок|пляжный|солнце
TRAVEL	🏜️		desert		пустыня	кактус|песок|солнце
TRAVEL	🏝️		desert island	desert|island	остров	кокос|лето|море|необитаемый|отпуск|пальма|пустыня
TRAVEL	🏞️		national park	national|park	национальный парк	заповедник|парк|природа
TRAVEL	🏟️		stadium		стадион	игры|матч|олимпийские|соревнования
TRAVEL	🏛️		classical building	building|classical	античное здание	античное|античность|здание|классический|колонны|стиль|храм
TRAVEL	🏗️		building construction	building|construction|crane	стройка	кран|строительство
TRAVEL	🧱		brick	bricks|clay|mortar|wall	кирпичи	глина|кирпич|кирпичная|кирпичный|кладка|стена
TRAVEL	🪨		rock	boulder|heavy|solid|stone|tough	камень	булыжник|жесткий|скала|твердый|тяжелый
TRAVEL	🪵		wood	log|lumber|timber	древесина	бревно|дрова|лес|пень|полено
TRAVEL	🛖		hut	home|house|roundhouse|shelter|yurt	хижина	дом|юрта
TRAVEL	🏘️		houses	house	дома	городок|дача|здания|поселок
TRAVEL	🏚️		derelict house	derelict|home|house	заброшенный дом	дом|заброшенный|развалины|упадок
TRAVEL	🏠		house	building|country|heart|home|ranch|settle|simple|suburban|suburbia|where	дом	дача|домашний|здание|родной|стены
TRAVEL	🏡		house with garden	building|country|garden|heart|home|house|ranch|settle|simple|suburban|suburbia|where	дом с садом	дача|дом|загородный|крыша|сад|стены|усадьба
TRAVEL	🏢		office building	building|city|cubical|job|office	офисное здание	бизнес-центр|здание|офис|офисное|работа
TRAVEL	🏣		Japanese post office	building|Japanese|office|post	японская почта	здание|почта|Япония|японская|японское
TRAVEL	🏤		post office	building|European|office|post	почта	европа|здание
TRAVEL	🏥		hospital	building|doctor|medicine	больница	госпиталь|здание|лечение|поликлиника|помощь|скорая|стационар|хоспис
TRAVEL	🏦		bank	building	банк	деньги|здание
TRAVEL	🏨		hotel	building	гостиница	здание|отель|хостел
TRAVEL	🏩		love hotel	building|hotel|love	гостиница для свиданий	гостиница|дом|здание|отель|публичный|свидания
TRAVEL	🏪		convenience store	24|building|convenience|hours|store	круглосуточный магазин	24 часа|здание|магазин|покупки|сутки
TRAVEL	🏫		school	building	школа	здание|колледж|обучение|учебное
TRAVEL	🏬		department store	building|department|store	универмаг	здание|магазин|супермаркет|торговый|универсам|центр
TRAVEL	🏭		factory	building	завод	предприятие|промышленность|фабрика
TRAVEL	🏯		Japanese castle	building|castle|Japanese	японский замок	замок|здание|япония
TRAVEL	🏰		castle	building|European	замок	башни|крепость|укрепение|форт
TRAVEL	💒		wedding	chapel|hitched|nuptials|romance	свадьба	венчание|сердечки|собор|церемония|церковь
TRAVEL	🗼		Tokyo tower	Tokyo|tower	Токийская башня	архитектура|башня|вышка|телебашня|телевышка|Токио
TRAVEL	🗽		Statue of Liberty	liberty|Liberty|new|ny|nyc|statue|Statue|york	статуя Свободы	нью-йорк|свобода|статуя|факел
TRAVEL	⛪		church	bless|chapel|Christian|cross|religion	церковь	здание|монастырь|религия|собор|храм|христианство
TRAVEL	🕌		mosque	islam|masjid|Muslim|religion	мечеть	здание|ислам|мусульмане|религия
TRAVEL	🛕		hindu temple	hindu|temple	индуистский храм	ашрам|индийский|индуизм|храм|церковь
TRAVEL	🕍		synagogue	Jew|Jewish|judaism|religion|temple	синагога	евреи|здание|иудаизм|религия|церковь
TRAVEL	⛩️		shinto shrine	religion|shinto|shrine	синтоистский храм	религия|святилище|синто|синтоизм|синтоистский|храм|Япония
TRAVEL	🕋		kaaba	hajj|islam|Muslim|religion|umrah	Кааба	ислам|мусульмане|религия|святыня|хадж
TRAVEL	⛲		fountain		фонтан	брызги|вода|источник|родник
TRAVEL	⛺		tent	camping	палатка	кемпинг|лагерь|поход|тент
TRAVEL	🌁		foggy	fog	туман	дымка|облака|туманно
TRAVEL	🌃		night with stars	night|star|stars	звездная ночь	город|звездная|звезды|месяц|ночной|ночь
TRAVEL	🏙️		cityscape	city	вид на город	вид|город|городской|многоэтажки|ночь|пейзаж
TRAVEL	🌄		sunrise over mountains	morning|mountains|over|sun|sunrise	восход солнца над горами	восход|горы|закат|заря|пейзаж|рассвет|солнце|утро
TRAVEL	🌅		sunrise	morning|nature|sun	восход	вечер|заря|лучи|пейзаж|рассвет|солнце|утро
TRAVEL	🌆		cityscape at dusk	at|building|city|cityscape|dusk|evening|landscape|sun|sunset	закат в городе	вечер|вечерний|высотки|город|закат|заход|многоэтажки|небоскреб|солнце
TRAVEL	🌇		sunset	building|dusk|sun	закат	вечер|высотные|город|дома|заход|небоскреб|романтика|солнце
TRAVEL	🌉		bridge at night	at|bridge|night	мост ночью	мост|ночь|ночью
TRAVEL	♨️		hot springs	hot|hotsprings|springs|steaming	горячие источники	гейзер|горячие|источники|пар|поток
TRAVEL	🎠		carousel horse	carousel|entertainment|horse	лошадь на карусели	аттракцион|карусель|лошадка|лошадь
TRAVEL	🛝		playground slide	amusement|park|play|playground|playing|slide|sliding|theme	детская горка	горка|детская|играть|игровая|кататься|парк|площадка|развлечений
TRAVEL	🎡		ferris wheel	amusement|ferris|park|theme|wheel	колесо обозрения	аттракцион|веселье|обозрения|чертово
TRAVEL	🎢		roller coaster	amusement|coaster|park|roller|theme	американские горки	американские|аттракцион|горка|горки
TRAVEL	💈		barber pole	barber|cut|fresh|haircut|pole|shave	парикмахерская	барбершоп|волосы|салон|стрижка|цирюльник
TRAVEL	🎪		circus tent	circus|tent	цирковой шатер	цирк|цирковой|шапито|шатер
TRAVEL	🚂		locomotive	caboose|engine|railway|steam|train|trains|travel	паровоз	вагон|локомотив|поезд
TRAVEL	🚃		railway car	car|electric|railway|train|tram|travel|trolleybus	вагон	общественный|поезд|рельсы|трамвай|транспорт|фуникулер
TRAVEL	🚄		high-speed train	high-speed|railway|shinkansen|speed|train	скоростной поезд	дорога|железная|поезд|пуля|Синкансэн|скорость
TRAVEL	🚅		bullet train	bullet|high-speed|nose|railway|shinkansen|speed|train|travel	поезд-пуля	поезд|пуля|Синкансэн|скорость
TRAVEL	🚆		train	arrived|choo|railway	поезд	дорога|ж/д|железная дорога|транспорт
TRAVEL	🚇		metro	subway|travel	метро	подземка|поезд|станция|тоннель|транспорт
TRAVEL	🚈		light rail	arrived|light|monorail|rail|railway	легкий рельсовый транспорт	метро|монорельс|трамвай|транспорт|электричка
TRAVEL	🚉		station	railway|train	железнодорожный вокзал	вокзал|ж/д вокзал|ж/д станция|железнодорожная станция|рельсы|станция|электричка
TRAVEL	🚊		tram	trolleybus	трамвай	рельсы|транспорт
TRAVEL	🚝		monorail	vehicle	монорельс	легкое|метро|рельсы|транспорт
TRAVEL	🚞		mountain railway	car|mountain|railway|trip	поезд в горах	горы|дорога|железная|поезд|рельсы|транспорт|электричка
TRAVEL	🚋		tram car	bus|car|tram|trolley|trolleybus	трамвайный вагон	вагон|рельсы|трамвай|электричество
TRAVEL	🚌		bus	school|vehicle	автобус	маршрутка|мини автобус|общественный транспорт|транспорт|школьный автобус
TRAVEL	🚍		oncoming bus	bus|cars|oncoming	автобус спереди	автобус|лобовое|общественный транспорт|приближающийся автобус|спереди|стекло|транспорт
TRAVEL	🚎		trolleybus	bus|tram|trolley	троллейбус	дорога|общественный|провода|транспорт|электричество
TRAVEL	🚐		minibus	bus|drive|van|vehicle	микроавтобус	автобус|бусик|газель|маршрутка|поездка
TRAVEL	🚑		ambulance	emergency|vehicle	машина скорой помощи	больница|врачи|машина|помощь|скорая
TRAVEL	🚒		fire engine	engine|fire|truck	пожарная машина	машина|огонь|пожар|пожарная|пожарные|спасатели
TRAVEL	🚓		police car	5–0|car|cops|patrol|police	полицейская машина	машина|милиция|патруль|полицейские|полиция
TRAVEL	🚔		oncoming police car	car|oncoming|police	полицейская машина спереди	лобовое стекло|машина|полицейская машина|полицейские|полиция|приближающаяся полицейская машина|проблесковый маячок|сирена
TRAVEL	🚕		taxi	cab|cabbie|car|drive|vehicle|yellow	такси	водитель|желтое такси|машина|транспорт|убер|шашечки
TRAVEL	🚖		oncoming taxi	cab|cabbie|cars|drove|hail|oncoming|taxi|yellow	такси спереди	машина|приближающееся такси|такси|транспорт
TRAVEL	🚗		automobile	car|driving|vehicle	автомобиль	машина|транспорт
TRAVEL	🚘		oncoming automobile	automobile|car|cars|drove|oncoming|vehicle	автомобиль спереди	автомобиль|машина|машина спереди|приближающаяся машина|приближающийся автомобиль|транспорт
TRAVEL	🚙		sport utility vehicle	car|drive|recreational|sport|sportutility|utility|vehicle	джип	SUV|автомобиль|жилой|легковой|машина|отдых|фургон
TRAVEL	🛻		pickup truck	automobile|car|flatbed|pick-up|pickup|transportation|truck	пикап	автомобиль|грузовик|машина|перевозка|транспорт
TRAVEL	🚚		delivery truck	car|delivery|drive|truck|vehicle	грузовик	газель|груз|грузовой|доставка|кузов|перевозки|транспорт
TRAVEL	🚛		articulated lorry	articulated|car|drive|lorry|move|semi|truck|vehicle	фура	газель|грузовик|кузов|перевозка|переезд|транспорт
TRAVEL	🚜		tractor	vehicle	трактор	сельское|техника|транспорт|хозяйство
TRAVEL	🏎️		racing car	car|racing|zoom	гоночный автомобиль	автомобиль|гонки|скорость|спортивный автомобиль
TRAVEL	🏍️		motorcycle	racing	мотоцикл	байк|гонки|опасность|скорость
TRAVEL	🛵		motor scooter	motor|scooter	скутер	мопед|мотороллер|транспорт
TRAVEL	🦽		manual wheelchair	accessibility|manual|wheelchair	кресло-коляска с ручным приводом	инвалид|коляска|кресло|ручной|транспорт
TRAVEL	🦼		motorized wheelchair	accessibility|motorized|wheelchair	кресло-коляска с мотором	инвалид|кресло|кресло-коляска|транспорт|электропривод
TRAVEL	🛺		auto rickshaw	auto|rickshaw|tuk	авторикша	мопед|моторикша|рикша|такси|транспорт|тук-тук|туктук
TRAVEL	🚲		bicycle	bike|class|cycle|cycling|cyclist|gang|ride|spin|spinning	велосипед	велик|колеса|крутить педали|педали|прокатиться|руль|спорт|транспорт
TRAVEL	🛴		kick scooter	kick|scooter	самокат	колеса|руль|транспорт
TRAVEL	🛹		skateboard	board|skate|skater|wheels	скейтборд	доска|доска с колесиками|доска с роликами|колеса|роликовая доска|скейт|скейтер
TRAVEL	🛼		roller skate	blades|roller|skate|skates|sport	роликовые коньки	коньки|ролики|спорт
TRAVEL	🚏		bus stop	bus|busstop|stop	автобусная остановка	автобус|знак|остановка
TRAVEL	🛣️		motorway	highway|road	шоссе	автомагистраль|автострада|дорога|магистраль|путь|разметка
TRAVEL	🛤️		railway track	railway|track|train	железная дорога	ж/д|путь|рельсы|шпалы
TRAVEL	🛢️		oil drum	drum|oil	бочка	емкость|нефть
TRAVEL	⛽		fuel pump	diesel|fuel|fuelpump|gas|gasoline|pump|station	заправка	автозаправка|автозаправочная станция|АЗС|бензин|дизель|станция|топливо
TRAVEL	🛞		wheel	car|circle|tire|turn|vehicle	автомобильное колесо	диск|колесо|колпак|круг|поворот|шина
TRAVEL	🚨		police car light	alarm|alert|beacon|car|emergency|light|police|revolving|siren	мигалка	красная|полиция|проблесковый маячок|сигнальные огни|сирена|экстренная ситуация
TRAVEL	🚥		horizontal traffic light	horizontal|intersection|light|signal|stop|stoplight|traffic	горизонтальный светофор	свет|светофор
TRAVEL	🚦		vertical traffic light	drove|intersection|light|signal|stop|stoplight|traffic|vertical	вертикальный светофор	перекресток|свет|светофор
TRAVEL	🛑		stop sign	octagonal|sign|stop	знак «стоп»	восьмиугольник|знак|красный знак|остановка|стоп
TRAVEL	🚧		construction	barrier	строительные работы	барьер|заграждение|опасность|преграда|препятствие|строительство|стройка
TRAVEL	⚓		anchor	ship|tool	якорь	корабль
TRAVEL	🛟		ring buoy	buoy|float|life|lifesaver|preserver|rescue|ring|safety|save|saver|swim	спасательный круг	безопасность|круг|надувной|помощь|спасение
TRAVEL	⛵		sailboat	boat|resort|sailing|sea|yacht	парусник	кораблик|лодка|отдых|парус|яхта
TRAVEL	🛶		canoe	boat	каноэ	байдарка|весло|индейцы|каяк|лодка
TRAVEL	🚤		speedboat	billionaire|boat|lake|luxury|millionaire|summer|travel	катер	вода|двигатель|круиз|лодка|море|мотор|яхта
TRAVEL	🛳️		passenger ship	passenger|ship	пассажирский лайнер	круиз|лайнер|пассажиры|перевозки|судно
TRAVEL	⛴️		ferry	boat|passenger	паром	перевозки|транспорт
TRAVEL	🛥️		motor boat	boat|motor|motorboat	моторная лодка	вода|двигатель|катер|корабль|лодка|мотор|моторка|яхта
TRAVEL	🚢		ship	boat|passenger|travel	корабль	груз|круиз|лайнер|морской|пароход|перевозки|судно|титаник
TRAVEL	✈️		airplane	aeroplane|fly|flying|jet|plane|travel	самолет	воздух|крылья|перевозки
TRAVEL	🛩️		small airplane	aeroplane|airplane|plane|small	маленький самолет	воздух|крылья|маленький|перевозки|самолет
TRAVEL	🛫		airplane departure	aeroplane|airplane|check-in|departure|departures|plane	взлет	взлетаю|отправление|посадка|регистрация|самолет|улетать
TRAVEL	🛬		airplane arrival	aeroplane|airplane|arrival|arrivals|arriving|landing|plane	посадка	прибытие|приземляется|садится|самолет
TRAVEL	🪂		parachute	hang-glide|parasail|skydive	парашют	крыло|параглайд|парасейл|парашютист|скайдайв
TRAVEL	💺		seat	chair	кресло	кресло в самолете|место|пассажирское кресло|сиденье|стул
TRAVEL	🚁		helicopter	copter|roflcopter|travel|vehicle	вертолет	винт|воздух|лопасти|транспорт
TRAVEL	🚟		suspension railway	railway|suspension	подвесная железная дорога	вагон|дорога|железная|подвесная
TRAVEL	🚠		mountain cableway	cable|cableway|gondola|lift|mountain|ski	вагон фуникулера	вагон|горы|кабинка|подъем|подъемник|тросы|фуникулер
TRAVEL	🚡		aerial tramway	aerial|cable|car|gondola|ropeway|tramway	канатная дорога	дорога|канат|подвесная дорога|подъемник|трамвай|тросы|фуникулер
TRAVEL	🛰️		satellite	space	спутник	космос
TRAVEL	🚀		rocket	launch|rockets|space|travel	ракета	быстро|взлет|космос|скорость
TRAVEL	🛸		flying saucer	aliens|extra|flying|saucer|terrestrial|UFO	летающая тарелка	инопланетный гость|инопланетяне|марсианин|НЛО|пришелец|пришельцы|тарелка
TRAVEL	🛎️		bellhop bell	bell|bellhop|hotel	гостиничный звонок	вызов|гостиница|звоночек|звук|отель|портье
TRAVEL	🧳		luggage	bag|packing|roller|suitcase|travel	багаж	путешествие|чемодан
TRAVEL	⌛		hourglass done	done|hourglass|sand|time|timer	песочные часы	время|песок|часы
TRAVEL	⏳		hourglass not done	done|flowing|hourglass|hours|not|sand|timer|waiting|yolo	время пошло	время|песок|песочные|часы
TRAVEL	⌚		watch	clock|time	наручные часы	время|запястье|наручные|рука|часы
TRAVEL	⏰		alarm clock	alarm|clock|hours|hrs|late|time|waiting	будильник	время|заводить|звенит|напоминание|подъем|сигнал|часы
TRAVEL	⏱️		stopwatch	clock|time	секундомер	время|кнопка|стрелки|таймер|точность|часы
TRAVEL	⏲️		timer clock	clock|timer	таймер	время|отсчет|сигнал|часы
TRAVEL	🕰️		mantelpiece clock	clock|mantelpiece|time	каминные часы	винтажные|время|камин|старинные|украшение|часы
TRAVEL	🕛		twelve o’clock	12|12:00|clock|o’clock|time|twelve	двенадцать часов	00|00:00|12|12:00|двенадцать|дня|ночи|полдень|полночь
TRAVEL	🕧		twelve-thirty	12|12:30|30|clock|thirty|time|twelve	полпервого	00:30|12|12:30|30|двенадцать|первого|половина|тридцать
TRAVEL	🕐		one o’clock	1|1:00|clock|o’clock|one|time	час	1:00|13:00|время|дня|ночи|один|часы
TRAVEL	🕜		one-thirty	1|1:30|30|clock|one|thirty|time	полвторого	1:30|время|половина|тик так|тик-так|час|час тридцать|часы
TRAVEL	🕑		two o’clock	2|2:00|clock|o’clock|time|two	два часа	время|два|час|часы
TRAVEL	🕝		two-thirty	2|2:30|30|clock|thirty|time|two	полтретьего	14:30|2:30|время|два тридцать|час|часы
TRAVEL	🕒		three o’clock	3|3:00|clock|o’clock|three|time	три часа	15:00|3:00|время|время три часа|ровно|три|час|часы
TRAVEL	🕞		three-thirty	3|3:30|30|clock|thirty|three|time	полчетвертого	15:30|3:30|время|половина|три тридцать|тридцать|час|часы
TRAVEL	🕓		four o’clock	4|4:00|clock|four|o’clock|time	четыре часа	16:00|4:00|время|время четыре часа|ровно|час|часы|четыре
TRAVEL	🕟		four-thirty	30|4|4:30|clock|four|thirty|time	полпятого	16:30|4:30|время|половина|тридцать|час|часы|четыре тридцать
TRAVEL	🕔		five o’clock	5|5:00|clock|five|o’clock|time	пять часов	17:00|5:00|время|время пять часов|пять|ровно|час|часы
TRAVEL	🕠		five-thirty	30|5|5:30|clock|five|thirty|time	полшестого	17:30|5:30|время|половина|пять|тридцать|час|часы
TRAVEL	🕕		six o’clock	6|6:00|clock|o’clock|six|time	шесть часов	18:00|6:00|время|время шесть часов|ровно|час|часы|шесть
TRAVEL	🕡		six-thirty	30|6|6:30|clock|six|thirty	полседьмого	18:30|6:30|время|половина|тридцать|час|часы|шесть
TRAVEL	🕖		seven o’clock	0|7|7:00|clock|o’clock|seven	семь часов	19:00|7:00|время|время семь часов|ровно|семь|час|часы
TRAVEL	🕢		seven-thirty	30|7|7:30|clock|seven|thirty	полвосьмого	19:30|7:30|время|половина|семь|тридцать|час|часы
TRAVEL	🕗		eight o’clock	8|8:00|clock|eight|o’clock|time	восемь часов	20:00|8|восемь|время|время восемь часов|ровно|час|часы
TRAVEL	🕣		eight-thirty	30|8|8:30|clock|eight|thirty|time	полдевятого	20:30|8:30|восемь тридцать|время|половина|тридцать|час|часы
TRAVEL	🕘		nine o’clock	9|9:00|clock|nine|o’clock|time	девять часов	21:00|9:00|время|время девять часов|девять|ровно|час|часы
TRAVEL	🕤		nine-thirty	30|9|9:30|clock|nine|thirty|time	полдесятого	21:30|9:30|время|девять тридцать|половина|тридцать|час|часы
TRAVEL	🕙		ten o’clock	0|10|10:00|clock|o’clock|ten	десять часов	10:00|22:00|время|время десять часов|десять|ровно|час|часы
TRAVEL	🕥		ten-thirty	10|10:30|30|clock|ten|thirty|time	пол-одиннадцатого	10:30|22:30|время|десять|половина|тридцать|час|часы
TRAVEL	🕚		eleven o’clock	11|11:00|clock|eleven|o’clock|time	одиннадцать часов	11|11:00|23:00|время|время одиннадцать часов|одиннадцать|ровно|час|часы
TRAVEL	🕦		eleven-thirty	11|11:30|30|clock|eleven|thirty|time	полдвенадцатого	11:30|23:30|время|одиннадцать|половина|тридцать|час|часы
TRAVEL	🌑		new moon	dark|moon|new|space	новолуние	луна|месяц|новая|ночь|темная ночь|темно
TRAVEL	🌒		waxing crescent moon	crescent|dreams|moon|space|waxing	молодая луна	луна|месяц|молодая|молодой
TRAVEL	🌓		first quarter moon	first|moon|quarter|space	луна в первой четверти	луна|месяц|небо|четверть
TRAVEL	🌔		waxing gibbous moon	gibbous|moon|space|waxing	прибывающая луна	луна|месяц|небо|прибывающая
TRAVEL	🌕		full moon	full|moon|space	полнолуние	луна|месяц|небо|полная|полный
TRAVEL	🌖		waning gibbous moon	gibbous|moon|space|waning	убывающая луна	луна|месяц|небо|планета|убывающая
TRAVEL	🌗		last quarter moon	last|moon|quarter|space	луна в последней четверти	луна|месяц|небо|четверть
TRAVEL	🌘		waning crescent moon	crescent|moon|space|waning	старая луна	затмение|луна|месяц|небо|старая|убывающая
TRAVEL	🌙		crescent moon	crescent|moon|ramadan|space	полумесяц	луна|месяц
TRAVEL	🌚		new moon face	face|moon|new|space	новая луна с лицом	лицо|луна|луна с лицом|молодая луна с лицом|новая луна|новолуние|темная|черная луна
TRAVEL	🌛		first quarter moon face	face|first|moon|quarter|space	луна в первой четверти с лицом	лицо|луна|месяц|небо|половинка луны|четвертинка луны|четверть|четверть луны
TRAVEL	🌜		last quarter moon face	dreams|face|last|moon|quarter	луна в последней четверти с лицом	лицо|луна|месяц|небо|полу месяц|полумесяц|четверть
TRAVEL	🌡️		thermometer	weather	термометр	градусник|измерение|температура
TRAVEL	☀️		sun	bright|rays|space|sunny|weather	солнце	жарко|лучи|планета|погода
TRAVEL	🌝		full moon face	bright|face|full|moon	полная луна с лицом	круглая|круглая луна|лицо|месяц|небо|полная луна
TRAVEL	🌞		sun with face	beach|bright|day|face|heat|shine|sun|sunny|sunshine|weather	солнце с лицом	лицо|небо|солнце
TRAVEL	🪐		ringed planet	planet|ringed|saturn|saturnine	планета с кольцом	кольца|кольцо|космос|планета|сатурн
TRAVEL	⭐		star	astronomy|medium|stars|white	желтая звезда	астрономия|желтая|звезда|звезды
TRAVEL	🌟		glowing star	glittery|glow|glowing|night|shining|sparkle|star|win	сияющая звезда	звезда|свет|сияние
TRAVEL	🌠		shooting star	falling|night|shooting|space|star	падающая звезда	желание|загадать желание|звезда|звездопад|небо|падающая
TRAVEL	🌌		milky way	milky|space|way	Млечный Путь	звезды|космос|молоко|путь|созвездие
TRAVEL	☁️		cloud	weather	облако	небо|туча
TRAVEL	⛅		sun behind cloud	behind|cloud|cloudy|sun|weather	солнце за облаками	непогода|облака|облако|облачно|погода|солнце
TRAVEL	⛈️		cloud with lightning and rain	cloud|lightning|rain|thunder|thunderstorm	гроза	гром|дождь|молния|облако|туча
TRAVEL	🌤️		sun behind small cloud	behind|cloud|sun|weather	солнце за облачком	облако|облачко|пасмурно|солнце|туча
TRAVEL	🌥️		sun behind large cloud	behind|cloud|sun|weather	солнце за облаком	облако|облачно|солнце|туча
TRAVEL	🌦️		sun behind rain cloud	behind|cloud|rain|sun|weather	слепой дождь	грибной дождь|дождь|облако|осадки|солнце|солнце за тучей|туча
TRAVEL	🌧️		cloud with rain	cloud|rain|weather	дождь	осадки|туча
TRAVEL	🌨️		cloud with snow	cloud|cold|snow|weather	снег	облако|осадки|погода|снегопад|туча
TRAVEL	🌩️		cloud with lightning	cloud|lightning|weather	молния	гром|облако|погода|туча
TRAVEL	🌪️		tornado	cloud|weather|whirlwind	торнадо	ветер|вихрь|катастрофа|смерч|ураган
TRAVEL	🌫️		fog	cloud|weather	густой туман	видимость|низкая|облачность|плохая видимость|туман
TRAVEL	🌬️		wind face	blow|cloud|face|wind	дует ветер	ветер|вьюга|дует|лицо|пурга|снежная королева
TRAVEL	🌀		cyclone	dizzy|hurricane|twister|typhoon|weather	циклон	завихрение|тайфун|юла
TRAVEL	🌈		rainbow	gay|genderqueer|glbt|glbtq|lesbian|lgbt|lgbtq|lgbtqia|nature|pride|queer|rain|trans|transgender|weather	радуга	дождь|осадки|погода|природа|цвета
TRAVEL	🌂		closed umbrella	closed|clothing|rain|umbrella	закрытый зонт	дождь|зонт|зонтик|осадки
TRAVEL	☂️		umbrella	clothing|rain	зонт	вода|дождь|зонтик|осадки|открытый зонт|погода
TRAVEL	☔		umbrella with rain drops	clothing|drop|drops|rain|umbrella|weather	зонт под дождем	зонт|зонтик|зонтик под дождем|капли|капля|ливень|погода|под дождем
TRAVEL	⛱️		umbrella on ground	ground|rain|sun|umbrella	пляжный зонт	аксессуар|дождь|защита|зонт|зонтик|непогода|пляж|солнце
TRAVEL	⚡		high voltage	danger|electric|electricity|high|lightning|nature|thunder|thunderbolt|voltage|zap	высокое напряжение	буря|высоковольтное|гром|молниеносный|молния|напряжение|опасность|электричество
TRAVEL	❄️		snowflake	cold|snow|weather	снежинка	зима|небо|рисунок|снег|снежок|холод|холодно
TRAVEL	☃️		snowman	cold|man|snow	снеговик под снегом	снег|снеговик|фигура|человек|человечек
TRAVEL	⛄		snowman without snow	cold|man|snow|snowman	снеговик	снег|снеговичок|снежная баба|снежная скульптура|фигура|человек|человечек
TRAVEL	☄️		comet	space	комета	космос|метеор|метеорит|метеоритный дождь|небо|планета
TRAVEL	🔥		fire	af|burn|flame|hot|lit|litaf|tool	огонь	костер|очаг|пламя
TRAVEL	💧		droplet	cold|comic|drop|nature|sad|sweat|tear|water|weather	капля	вода|дождь|капелька|пот|слеза
TRAVEL	🌊		water wave	nature|ocean|surf|surfer|surfing|water|wave	волна	вода|море|морская пена|океан|серфинг
ACTIVITIES	🎃		jack-o-lantern	celebration|halloween|jack|lantern|pumpkin	тыква-фонарь	праздник|тыква|фонарь из тыквы|Хеллоуин|Хэллоуин
ACTIVITIES	🎄		Christmas tree	celebration|Christmas|tree	новогодняя елка	елка|Новый год|праздник|Рождество
ACTIVITIES	🎆		fireworks	boom|celebration|entertainment|yolo	фейерверк	пиротехника|праздник|салют|свет|шум
ACTIVITIES	🎇		sparkler	boom|celebration|fireworks|sparkle	бенгальский огонь	искры|новый год|огонь|праздник|салют
ACTIVITIES	🧨		firecracker	dynamite|explosive|fire|fireworks|light|pop|popping|spark	динамитная шашка	взрыв|взрывчатка|динамит|искра|петарда|фейерверк|хлопушка|шашка
ACTIVITIES	✨		sparkles	*|magic|sparkle|star	блестки	блестка|звезда|звезды|искры|мерцание|свет
ACTIVITIES	🎈		balloon	birthday|celebrate|celebration	воздушный шарик	веревочка|воздух|воздушный|праздник|шарик
ACTIVITIES	🎉		party popper	awesome|birthday|celebrate|celebration|excited|hooray|party|popper|tada|woohoo	хлопушка	бабах|веселье|вечеринка|день рождения|мишура|поздравление|праздник
ACTIVITIES	🎊		confetti ball	ball|celebrate|celebration|confetti|party|woohoo	конфетти	вечеринка|праздник
ACTIVITIES	🎋		tanabata tree	banner|celebration|Japanese|tanabata|tree	бамбук с бумажными лентами	бамбук|бумага|дерево|лента|танабата|традиция|Япония
ACTIVITIES	🎍		pine decoration	bamboo|celebration|decoration|Japanese|pine|plant	украшенный бамбук	бамбук|Новый год|растение|Рождество|сосна|Япония
ACTIVITIES	🎎		Japanese dolls	celebration|doll|dolls|festival|Japanese	японские куклы	две|кукла|праздник|фестиваль
ACTIVITIES	🎏		carp streamer	carp|celebration|streamer	вымпелы в виде карпов	вымпелы|карпы|палочка|рыбки|рыбы
ACTIVITIES	🎐		wind chime	bell|celebration|chime|wind	музыка ветра	бубенчик|ветер|звон
ACTIVITIES	🎑		moon viewing ceremony	celebration|ceremony|moon|viewing	праздник Луны	луна|праздник|церемония
ACTIVITIES	🧧		red envelope	envelope|gift|good|hóngbāo|lai|luck|money|red|see	красный конверт	деньги|Китай|конверт|красный|подарок|традиция|удача
ACTIVITIES	🎀		ribbon	celebration	бантик	бант|волосы|лента|одежда|праздник
ACTIVITIES	🎁		wrapped gift	birthday|bow|box|celebration|christmas|gift|present|surprise|wrapped	подарок	бант|бантик|год|день|коробка|новый|праздник|рождения|Рождество
ACTIVITIES	🎗️		reminder ribbon	celebration|reminder|ribbon	памятная лента	лента|память
ACTIVITIES	🎟️		admission tickets	admission|ticket|tickets	билеты	билет|вход|квиток|концерт|пропуск|самолет|театр|транспорт|услуги
ACTIVITIES	🎫		ticket	admission|stub	билет	билетик|вход|квиток|концерт|пропуск|самолет|театр|транспорт|услуги
ACTIVITIES	🎖️		military medal	award|celebration|medal|military	военная медаль	война|заслуги|медаль|награда|одежда|орден
ACTIVITIES	🏆		trophy	champion|champs|prize|slay|sport|victory|win|winning	кубок	победа|приз|трофей|чемпион
ACTIVITIES	🏅		sports medal	award|gold|medal|sports|winner	спортивная медаль	достижение|медаль|место|победа|спорт
ACTIVITIES	🥇		1st place medal	1st|first|gold|medal|place	золотая медаль	золото|медаль|место|первое место|победа|победители|победитель|чемпион|чемпионы
ACTIVITIES	🥈		2nd place medal	2nd|medal|place|second|silver	серебряная медаль	второе место|медаль|серебро
ACTIVITIES	🥉		3rd place medal	3rd|bronze|medal|place|third	бронзовая медаль	бронза|медаль|третье место
ACTIVITIES	⚽		soccer ball	ball|football|futbol|soccer|sport	футбол	игра|мяч|спорт|футбольный
ACTIVITIES	⚾		baseball	ball|sport	бейсбол	бейсбольный|игра|мяч|спорт
ACTIVITIES	🥎		softball	ball|glove|sports|underarm	софтбол	бита|зажать|игра|мягкий|мяч|нести|перчатка|спорт
ACTIVITIES	🏀		basketball	ball|hoop|sport	баскетбол	баскетбольный|игра|кольцо|мяч|спорт
ACTIVITIES	🏐		volleyball	ball|game	волейбол	волейбольный|игра|мяч|спорт
ACTIVITIES	🏈		american football	american|ball|bowl|football|sport|super	американский футбол	американский|игра|мяч|спорт|футбол
ACTIVITIES	🏉		rugby football	ball|football|rugby|sport	регби	игра|мяч|спорт
ACTIVITIES	🎾		tennis	ball|racquet|sport	теннис	игра|мяч|мячик|ракетка|спорт|теннисная|теннисный
ACTIVITIES	🥏		flying disc	disc|flying|ultimate	летающий диск	бросать|диск|досуг|игра|летающая тарелка|спорт|фрисби
ACTIVITIES	🎳		bowling	ball|game|sport|strike	боулинг	игра|кегли|спорт|страйк|шар|шары
ACTIVITIES	🏏		cricket game	ball|bat|cricket|game	крикет	бита|игра|мяч|спорт
ACTIVITIES	🏑		field hockey	ball|field|game|hockey|stick	хоккей на траве	бег|игра|клюшка|трава|хоккей
ACTIVITIES	🏒		ice hockey	game|hockey|ice|puck|stick	хоккей	игра|клюшка|лед|спорт|шайба
ACTIVITIES	🥍		lacrosse	ball|goal|sports|stick	лакросс	гол|забить|клюшка|мяч|ракетка
ACTIVITIES	🏓		ping pong	ball|bat|game|paddle|ping|pingpong|pong|table|tennis	настольный теннис	мяч|мячик|пинг-понг|ракетка|стол|теннис|шарик
ACTIVITIES	🏸		badminton	birdie|game|racquet|shuttlecock	бадминтон	волан|воланчик|игра|ракетка|спорт
ACTIVITIES	🥊		boxing glove	boxing|glove	боксерская перчатка	бокс|боксерская|перчатка|спорт
ACTIVITIES	🥋		martial arts uniform	arts|judo|karate|martial|taekwondo|uniform	спортивное кимоно	боевые искусства|дзюдо|карате|тхэквондо|форма
ACTIVITIES	🥅		goal net	goal|net	спортивные ворота	ворота|гол|сетка|спорт
ACTIVITIES	⛳		flag in hole	flag|golf|hole|sport	гольф	игра|лунка|поле|спорт|флаг|флажок
ACTIVITIES	⛸️		ice skate	ice|skate|skating	коньки	ботинок|катание|каток|конек|лед|лезвие|скорость|фигурное катание
ACTIVITIES	🎣		fishing pole	entertainment|fish|fishing|pole|sport	удочка с рыбой	крючок|леска|наживка|рыба|рыбалка|спининг|удочка|улов
ACTIVITIES	🤿		diving mask	diving|mask|scuba|snorkeling	маска с трубкой	дайвинг|маска|нырять|подводная|подводное плавание|подводный|спорт|трубка
ACTIVITIES	🎽		running shirt	athletics|running|sash|shirt	футболка для бега	атлетика|бег|спорт|футболка
ACTIVITIES	🎿		skis	ski|snow|sport	лыжи	горные лыжи|горы|склон|снег|спорт|трасса
ACTIVITIES	🛷		sled	luge|sledge|sleigh|snow|toboggan	санки	гора|катание|сани|снег|спуск
ACTIVITIES	🥌		curling stone	curling|game|rock|stone	керлинг	игра|камень|лед|спорт|щетка
ACTIVITIES	🎯		bullseye	bull|dart|direct|entertainment|game|hit|target	мишень	дартс|доска|дротик|попадание
ACTIVITIES	🪀		yo-yo	fluctuate|toy	йо-йо	игрушка|йойо
ACTIVITIES	🪁		kite	fly|soar	воздушный змей	ветер|змей|игра|летать|парить
ACTIVITIES	🔫		water pistol	gun|handgun|pistol|revolver|tool|water|weapon	водяной пистолет	водный пистолет|игрушка|огнестрельное|оружие|пистолет|револьвер
ACTIVITIES	🎱		pool 8 ball	8|8ball|ball|billiard|eight|game|pool	бильярд	8|восьмерка|игра|пул|черный шар|шар
ACTIVITIES	🔮		crystal ball	ball|crystal|fairy|fairytale|fantasy|fortune|future|magic|tale|tool	хрустальный шар	будущее|волшебство|гадание|магия|предсказание|хрусталь|шар
ACTIVITIES	🪄		magic wand	magic|magician|wand|witch|wizard	волшебная палочка	волшебник|волшебство|колдунья|магия|фокус
ACTIVITIES	🎮		video game	controller|entertainment|game|video	видеоигры	play|playstation|station|игры|компьютер|компьютерные|приставка
ACTIVITIES	🕹️		joystick	game|video|videogame	джойстик	видеоигра|видеоигры|игра|игровая приставка|игры|компьютер|компьютерная приставка|приставка
ACTIVITIES	🎰		slot machine	casino|gamble|gambling|game|machine|slot|slots	игровой автомат	автомат|азарт|деньги|игровой|игры|казино
ACTIVITIES	🎲		game die	dice|die|entertainment|game	игральная кость	игра|кости|кубик|кубики
ACTIVITIES	🧩		puzzle piece	clue|interlocking|jigsaw|piece|puzzle	пазл	головоломка|досуг|игра|кусочек|кусочек пазла|мозаика|собирать
ACTIVITIES	🧸		teddy bear	bear|plaything|plush|stuffed|teddy|toy	плюшевый мишка	игрушка|медвежонок|мишка|мягкая игрушка|плюшевая игрушка
ACTIVITIES	🪅		piñata	candy|celebrate|celebration|cinco|de|festive|mayo|party|pinada|pinata	пиньята	вечеринка|мексиканский|праздник|праздновать|сладости
ACTIVITIES	🪩		mirror ball	ball|dance|disco|glitter|mirror|party	диско-шар	блестеть|вечеринка|диско|дискотека|зеркальный|зеркальный шар|танцы
ACTIVITIES	🪆		nesting dolls	babooshka|baboushka|babushka|doll|dolls|matryoshka|nesting|russia	матрешка	игрушка|кукла|матрешки|россия|русская
ACTIVITIES	♠️		spade suit	card|game|spade|suit	пики	игра|карты|масть
ACTIVITIES	♥️		heart suit	card|emotion|game|heart|hearts|suit	червы	игра|карты|масть
ACTIVITIES	♦️		diamond suit	card|diamond|game|suit	бубны	игра|карты|масть
ACTIVITIES	♣️		club suit	card|club|clubs|game|suit	трефы	игра|карты|масть
ACTIVITIES	♟️		chess pawn	chess|dupe|expendable|pawn	пешка	игра|фигура|шахматная фигура|шахматы
ACTIVITIES	🃏		joker	card|game|wildcard	джокер	игра|карты
ACTIVITIES	🀄		mahjong red dragon	dragon|game|mahjong|red	маджонг	игра|игральные|Китай|кости|кубики
ACTIVITIES	🎴		flower playing cards	card|cards|flower|game|Japanese|playing	цветочная карта	игра|карты|ханафуда|цветочная|цветы|Япония
ACTIVITIES	🎭		performing arts	actor|actress|art|arts|entertainment|mask|performing|theater|theatre|thespian	маски	драма|искусство|комедия|постановка|премьера|театр|шекспир
ACTIVITIES	🖼️		framed picture	art|frame|framed|museum|painting|picture	картина	картина в раме|картина в рамке|пейзаж|природа|рама|рамка
ACTIVITIES	🎨		artist palette	art|artist|artsy|arty|colorful|creative|entertainment|museum|painter|painting|palette	палитра с красками	краски|палитра|рисовать|творить|художник
ACTIVITIES	🧵		thread	needle|sewing|spool|string	катушка ниток	вышивка|иголка|катушка|нитки|нить|рукоделие|шить|шитье|штопать
ACTIVITIES	🪡		sewing needle	embroidery|needle|sew|sewing|stitches|sutures|tailoring|thread	швейная игла	вышивка|игла|иголка|стежки|швы|шитье
ACTIVITIES	🧶		yarn	ball|crochet|knit	клубок	вязание|клубок ниток|нитки|пряжа
ACTIVITIES	🪢		knot	cord|rope|tangled|tie|twine|twist	узел	веревка|канат|шнур|шнурок
OBJECTS	👓		glasses	clothing|eye|eyeglasses|eyewear	очки	аксессуар|глаза|защита|зрение|одежда
OBJECTS	🕶️		sunglasses	dark|eye|eyewear|glasses	солнечные очки	аксессуар|защита|очки|солнце|солнцезащитные|темные
OBJECTS	🥽		goggles	dive|eye|protection|scuba|swimming|welding	защитные очки	защита|защитные|лыжная|маска|нырять|очки|плавание|сварка
OBJECTS	🥼		lab coat	clothes|coat|doctor|dr|experiment|jacket|lab|scientist|white	лабораторный халат	белый халат|лаборатория|форма|халат
OBJECTS	🦺		safety vest	emergency|safety|vest	спасательный жилет	жилет|защитный|спасательный|спасать|экстренный
OBJECTS	👔		necktie	clothing|employed|serious|shirt|tie	галстук	одежда|офис|работа|рубашка|серьезный|сотрудник
OBJECTS	👕		t-shirt	blue|casual|clothes|clothing|collar|dressed|shirt|shopping|tshirt|weekend	футболка	короткие|одежда|рубашка|рукава
OBJECTS	👖		jeans	blue|casual|clothes|clothing|denim|dressed|pants|shopping|trousers|weekend	джинсы	брюки|штаны
OBJECTS	🧣		scarf	bundle|cold|neck|up	шарф	обмотать|повязать|шея
OBJECTS	🧤		gloves	hand	перчатки	аксессуар|одежда|руки
OBJECTS	🧥		coat	brr|bundle|cold|jacket|up	пальто	верхняя|куртка|одежда|пиджак
OBJECTS	🧦		socks	stocking	носки	ноги|чулки
OBJECTS	👗		dress	clothes|clothing|dressed|fancy|shopping	платье	женская одежда|женское|одежда
OBJECTS	👘		kimono	clothing|comfortable	кимоно	одежда|традиции|япония
OBJECTS	🥻		sari	clothing|dress	сари	женская|Индия|одежда|платье|традиционная
OBJECTS	🩱		one-piece swimsuit	bathing|one-piece|suit|swimsuit	цельный купальник	закрытый|купальник|одежда|плавать|слитный|спорт|цельный
OBJECTS	🩲		briefs	bathing|one-piece|suit|swimsuit|underwear	плавки	купальник|одежда|плавать|трусы|шорты
OBJECTS	🩳		shorts	bathing|pants|suit|swimsuit|underwear	шорты	белье|купальник|одежда|плавать|плавки|спорт|трусы
OBJECTS	👙		bikini	bathing|beach|clothing|pool|suit|swim	бикини	бассейн|купальник|море|отпуск|плавать
OBJECTS	👚		woman’s clothes	blouse|clothes|clothing|collar|dress|dressed|lady|shirt|shopping|woman|woman’s	блузка	женщина|одежда|платье|розовая|футболка
OBJECTS	🪭		folding hand fan	clack|clap|cool|cooling|dance|fan|flirt|flutter|folding|hand|hot|shy	веер	жара|жарко|застенчивый|опахало|охлаждение|танец
OBJECTS	👛		purse	clothes|clothing|coin|dress|fancy|handbag|shopping	кошелек	аксессуар|деньги|мелочь|сумка|сумочка
OBJECTS	👜		handbag	bag|clothes|clothing|dress|lady|purse|shopping	сумка	женская|сумочка
OBJECTS	👝		clutch bag	bag|clothes|clothing|clutch|dress|handbag|pouch|purse	клатч	аксессуар|багаж|вещи|женское|мешок|саквояж|сумочка|театр|чедоман
OBJECTS	🛍️		shopping bags	bag|bags|hotel|shopping	пакеты	магазины|новое|обновки|покупки|шопинг
OBJECTS	🎒		backpack	backpacking|bag|bookbag|education|rucksack|satchel|school	ранец	портфель|рюкзак|школа
OBJECTS	🩴		thong sandal	beach|flip|flop|sandal|sandals|shoe|thong|thongs|zōri	вьетнамки	обувь|пляж|сланцы|шлепанцы|шлепки
OBJECTS	👞		man’s shoe	brown|clothes|clothing|feet|foot|kick|man|man’s|shoe|shoes|shopping	ботинок	ботинки|мужская|мужчина|обувь|туфли|туфля
OBJECTS	👟		running shoe	athletic|clothes|clothing|fast|kick|running|shoe|shoes|shopping|sneaker|tennis	кроссовки	бег|кеды|обувь|побежать|пробежка|спорт
OBJECTS	🥾		hiking boot	backpacking|boot|brown|camping|hiking|outdoors|shoe	треккинговый ботинок	ботинки|идти|кемпинг|палатка|поход|рюкзак|треккинговая обувь|треккинговые ботинки|туристическая обувь|туристические ботинки
OBJECTS	🥿		flat shoe	ballet|comfy|flat|flats|shoe|slip-on|slipper	балетки	без каблука|обувь на плоской подошве|слиперы|туфли|туфли без каблука|туфли на плоской подошве|удобно
OBJECTS	👠		high-heeled shoe	clothes|clothing|dress|fashion|heel|heels|high-heeled|shoe|shoes|shopping|stiletto|woman	туфли на каблуке	женщина|каблук|на каблуке|обувь|стиль|туфли
OBJECTS	👡		woman’s sandal	clothing|sandal|shoe|woman|woman’s	босоножки	женская|женщина|каблук|лето|обувь|сабо|сандалии
OBJECTS	🩰		ballet shoes	ballet|dance|shoes	пуанты	балерина|балет|обувь|танец|туфли
OBJECTS	👢		woman’s boot	boot|clothes|clothing|dress|shoe|shoes|shopping|woman|woman’s	сапог	высокая|женская|каблук|обувь|одежда|сапоги|холодно|шоппинг
OBJECTS	🪮		hair pick	Afro|comb|groom|hair|pick	афро-гребень	афро|волосы|гребень|расческа
OBJECTS	👑		crown	clothing|family|king|medieval|queen|royal|royalty|win	корона	голова|королева|король|монарх|царица|царство|царь
OBJECTS	👒		woman’s hat	clothes|clothing|garden|hat|hats|party|woman|woman’s	шляпка	женская|женщина|летняя|одежда|шляпа
OBJECTS	🎩		top hat	clothes|clothing|fancy|formal|hat|magic|top|tophat	цилиндр	магия|мужчина|одежда|фокус|черная|черный|шляпа
OBJECTS	🎓		graduation cap	cap|celebration|clothing|education|graduation|hat|scholar	шапочка выпускника	бонет|выпускник|выпускной|конфедератка|шапочка
OBJECTS	🧢		billed cap	baseball|bent|billed|cap|dad|hat	бейсболка	головной убор|кепка|шапка
OBJECTS	🪖		military helmet	army|helmet|military|soldier|war|warrior	армейская каска	армия|воин|каска|солдат
OBJECTS	⛑️		rescue worker’s helmet	aid|cross|face|hat|helmet|rescue|worker’s	каска с белым крестом	головной убор|крест|лицо|спасатель|шлем
OBJECTS	📿		prayer beads	beads|clothing|necklace|prayer|religion	четки	бусы|колье|молитва|ожерелье|религия
OBJECTS	💄		lipstick	cosmetics|date|makeup	помада	губы|косметика|макияж
OBJECTS	💍		ring	diamond|engaged|engagement|married|romance|shiny|sparkling|wedding	кольцо	бриллиант|драгоценный|камень|обручальное|помолвка|свадьба
OBJECTS	💎		gem stone	diamond|engagement|gem|jewel|money|romance|stone|wedding	драгоценный камень	алмаз|драгоценность|камень|цена
OBJECTS	🔇		muted speaker	mute|muted|quiet|silent|sound|speaker	без звука	громкость|звук|молчание|тихо|тишина
OBJECTS	🔈		speaker low volume	low|soft|sound|speaker|volume	низкая громкость	громкость|динамик|звук|низкая|уровень
OBJECTS	🔉		speaker medium volume	medium|sound|speaker|volume	средняя громкость	громкоговоритель|громкость|динамик|звук|рупор|спикер|средняя|уровень
OBJECTS	🔊		speaker high volume	high|loud|music|sound|speaker|volume	высокая громкость	высокая|громкость|динамик|звук|уровень
OBJECTS	📢		loudspeaker	address|communication|loud|public|sound	громкоговоритель	внимание|звук|обращение|объявление|рупор
OBJECTS	📣		megaphone	cheering|sound	мегафон	громкоговоритель|звук|обращение|объявление|речь|рупор
OBJECTS	📯		postal horn	horn|post|postal	почтовый рожок	почта|рожок|труба
OBJECTS	🔔		bell	break|church|sound	колокольчик	будильник|звонок|колокол
OBJECTS	🔕		bell with slash	bell|forbidden|mute|no|not|prohibited|quiet|silent|slash|sound	перечеркнутый колокольчик	будильник|будильник отключен|колокол|отключить|перечеркнуть|тихо|тишина
OBJECTS	🎼		musical score	music|musical|note|score	нотный стан	ключ|музыка|ноты|скрипичный|стан
OBJECTS	🎵		musical note	music|musical|note|sound	нота	звук|мелодия|музыка
OBJECTS	🎶		musical notes	music|musical|note|notes|sound	ноты	звуки|мелодия|музыка
OBJECTS	🎙️		studio microphone	mic|microphone|music|studio	студийный микрофон	вокал|звук|микрофон|музыка|пение
OBJECTS	🎚️		level slider	level|music|slider	слайдер	звук|музыка|уровень
OBJECTS	🎛️		control knobs	control|knobs|music	регуляторы	звук|музыка|регулятор|ручка|уровень
OBJECTS	🎤		microphone	karaoke|mic|music|sing|sound	микрофон	звук|караоке|пение
OBJECTS	🎧		headphone	earbud|sound	наушники	вкладыши|гарнитура|затычки|звук|капли|музыка
OBJECTS	📻		radio	entertainment|tbt|video	радио	передача|приемник|сигнал
OBJECTS	🎷		saxophone	instrument|music|sax	саксофон	инструмент|музыка|музыкальный инструмент
OBJECTS	🪗		accordion	box|concertina|instrument|music|squeeze|squeezebox	аккордеон	баян|гармонь|гармошка|концертина
OBJECTS	🎸		guitar	instrument|music|strat	гитара	гитарист|инструмент|концерт|музыка|музыкальный|рок
OBJECTS	🎹		musical keyboard	instrument|keyboard|music|musical|piano	клавишные	инструмент|клавиши|музыка|музыкальный инструмент|пианино|рояль|синтезатор
OBJECTS	🎺		trumpet	instrument|music	труба	духовой инструмент|инструмент|музыка|музыкальный инструмент
OBJECTS	🎻		violin	instrument|music	скрипка	инструмент|музыка|музыкальный инструмент|смычковый|смычок|струнный инструмент|струны
OBJECTS	🪕		banjo	music|stringed	банджо	гитара|играть|инструмент|музыка|струнный
OBJECTS	🥁		drum	drumsticks|music	барабан	инструмент|музыка|музыкальный инструмент|палочки|ударные
OBJECTS	🪘		long drum	beat|conga|drum|instrument|long|rhythm	конга	барабан|бит|музыкальный инструмент|ритм|тамтам
OBJECTS	🪇		maracas	cha|dance|instrument|music|party|percussion|rattle|shake|shaker	маракасы	вечеринка|инструмент|музыка|музыкальные инструменты|перкуссия|погремушки|ритм|танец|танцы|трясти|ча-ча-ча
OBJECTS	🪈		flute	band|fife|flautist|instrument|marching|music|orchestra|piccolo|pipe|recorder|woodwind	флейта	группа|деревянный духовой инструмент|дудочка|духовой инструмент|инструмент|музыка|оркестр|продольная флейта|сопилка|труба|флейта пикколо|флейтист
OBJECTS	🪉		harp	cupid|instrument|love|music|orchestra	арфа	ангелочек|инструмент|купидон|любовь|музыка|оркестр
OBJECTS	📱		mobile phone	cell|communication|mobile|phone|telephone	мобильный телефон	мобильник|мобильный|смартфон|сотовый|телефон
OBJECTS	📲		mobile phone with arrow	arrow|build|call|cell|communication|mobile|phone|receive|telephone	входящий вызов	входящий|вызов|мобильник|мобильный|смартфон|сотовый|телефон
OBJECTS	☎️		telephone	phone	телефон	аппарат|линия|трубка
OBJECTS	📞		telephone receiver	communication|phone|receiver|telephone|voip	телефонная трубка	телефон|трубка
OBJECTS	📟		pager	communication	пейджер	сообщение|строка|экран
OBJECTS	📠		fax machine	communication|fax|machine	факс	бумага|сообщение
OBJECTS	🔋		battery		батарейка	аккумулятор|батарея|заряд|уровень заряда
OBJECTS	🪫		low battery	battery|drained|electronic|energy|low|power	низкий уровень заряда	аккумулятор|батарейка|батарея|заряд|мало зарядки|низкий заряд|предмет|разрядилась|разряжено
OBJECTS	🔌		electric plug	electric|electricity|plug	вилка	розетка|штекер|штепсель|электричество
OBJECTS	💻		laptop	computer|office|pc|personal	ноутбук	компьютер|портативный
OBJECTS	🖥️		desktop computer	computer|desktop|monitor	компьютер	монитор|настольный|экран
OBJECTS	🖨️		printer	computer	принтер	бумага|печать
OBJECTS	⌨️		keyboard	computer	клавиатура	клавиши|периферия
OBJECTS	🖱️		computer mouse	computer|mouse	мышка	кнопки|мышь|периферия|устройство
OBJECTS	🖲️		trackball	computer	трекбол	ввод|компьютер|шар
OBJECTS	💽		computer disk	computer|disk|minidisk|optical	диск	CD|компьютер|компьютерный диск|мини-диск|оптический диск|си ди|си-ди|сиди
OBJECTS	💾		floppy disk	computer|disk|floppy	дискета	данные|компьютер|носитель
OBJECTS	💿		optical disk	blu-ray|CD|computer|disk|dvd|optical	CD	диск|компакт|компакт-диск|си ди|си-ди|сиди|формат
OBJECTS	📀		dvd	Blu-ray|cd|computer|disk|DVD|optical	DVD	CD|двд|двд-диск|дивиди|диск|формат
OBJECTS	🧮		abacus	calculation|calculator	счеты	вычисления|подсчет
OBJECTS	🎥		movie camera	bollywood|camera|cinema|film|hollywood|movie|record	кинокамера	видеокамера|камера|кино|снять|съемка|фильм
OBJECTS	🎞️		film frames	cinema|film|frames|movie	кинопленка	кадр|кинематограф|кино|пленка|фильм
OBJECTS	📽️		film projector	cinema|film|movie|projector|video	кинопроектор	видео|кино|показ|проектор
OBJECTS	🎬		clapper board	action|board|clapper|movie	хлопушка-нумератор	дубль|кино|киносъемки|нумератор|нумератор с хлопушкой|снято|сцена|хлопушка
OBJECTS	📺		television	tv|video	телевизор	тв|телевидение
OBJECTS	📷		camera	photo|selfie|snap|tbt|trip|video	фотоаппарат	съемка|фото|фотокамера
OBJECTS	📸		camera with flash	camera|flash|video	фотоаппарат со вспышкой	вспышка|съемка|фото|фотоаппарат|фотокамера
OBJECTS	📹		video camera	camcorder|camera|tbt|video	видеокамера	видео|запись|съемка
OBJECTS	📼		videocassette	old|school|tape|vcr|vhs|video	видеокассета	видео|кассета|пленка
OBJECTS	🔍		magnifying glass tilted left	glass|lab|left|left-pointing|magnifying|science|search|tilted|tool	лупа, наклоненная влево	влево|линза|лупа|наклоненная влево|стекло|увеличительное
OBJECTS	🔎		magnifying glass tilted right	contact|glass|lab|magnifying|right|right-pointing|science|search|tilted|tool	лупа, наклоненная вправо	вправо|исследовать|лаборатория|лупа|наклоненная вправо|стекло|увеличительное
OBJECTS	🕯️		candle	light	свеча	воск|огонь|пламя|свет|свечка|тепло
OBJECTS	💡		light bulb	bulb|comic|electric|idea|light	лампочка	идея|лампа|свет|эврика|электричество
OBJECTS	🔦		flashlight	electric|light|tool|torch	фонарик	свет|фонарь|электричество
OBJECTS	🏮		red paper lantern	bar|lantern|light|paper|red|restaurant	красный бумажный фонарик	бумага|бумажный|китай|китайский фонарик|красный|огонь|свет|фонарик|фонарь
OBJECTS	🪔		diya lamp	diya|lamp|light|oil	масляная лампа	гореть|дия|лампа|масло|свет
OBJECTS	📔		notebook with decorative cover	book|cover|decorated|decorative|education|notebook|school|writing	записная книжка	блокнот|дневник|ежедневник|записи|записная|книжка|красивая|обложка
OBJECTS	📕		closed book	book|closed|education	закрытая книга	закрытая|закрыть|захлопнутая|захлопнуть|книга|книжка|красивая обложка|обложка
OBJECTS	📖		open book	book|education|fantasy|knowledge|library|novels|open|reading	открытая книга	книга|книжка|открытая|открыть|раскрытая|раскрыть
OBJECTS	📗		green book	book|education|fantasy|green|library|reading	зеленая книга	библиотека|зеленая|книга|книжка|учеба|учиться|читать|чтение
OBJECTS	📘		blue book	blue|book|education|fantasy|library|reading	синяя книга	голубая|голубой|книга|книжка|синий|синяя
OBJECTS	📙		orange book	book|education|fantasy|library|orange|reading	оранжевая книга	книга|книжка|оранжевая|оранжевый
OBJECTS	📚		books	book|education|fantasy|knowledge|library|novels|reading|school|study	книги	библиотека|книжки|много книг|сессия|стопка|стопка книг|учить|читать|экзамен
OBJECTS	📓		notebook		тетрадь	блокнот|записная книжка|тетрадка
OBJECTS	📒		ledger	notebook	блокнот	блокнотик|записная книжка|тетрадка|тетрадь
OBJECTS	📃		page with curl	curl|document|page|paper	страница с загибом	документ|загиб|загнутая|загнутый|лист|лист с загибом|страница
OBJECTS	📜		scroll	paper	свиток	бумага|пергамент
OBJECTS	📄		page facing up	document|facing|page|paper|up	страница	вертикально|лист
OBJECTS	📰		newspaper	communication|news|paper	газета	известия|издание|новости|печать
OBJECTS	🗞️		rolled-up newspaper	news|newspaper|paper|rolled|rolled-up	свернутая газета	бумага|газета|новости|свернутая
OBJECTS	📑		bookmark tabs	bookmark|mark|marker|tabs	стикеры-закладки	закладки|клеящиеся|наклейки|отметки|стикеры
OBJECTS	🔖		bookmark	mark	закладка	книга|книжка|отметка
OBJECTS	🏷️		label	tag	бирка	сведения|этикетка|ярлык
OBJECTS	💰		money bag	bag|bank|bet|billion|cash|cost|dollar|gold|million|money|moneybag|paid|paying|pot|rich|win	мешок денег	банкноты|деньги|доллар|доллары|мешок|миллион|много
OBJECTS	🪙		coin	dollar|euro|gold|metal|money|rich|silver|treasure	монета	деньги|доллар|евро|золото|казна|металл|рубль|серебро
OBJECTS	💴		yen banknote	bank|banknote|bill|currency|money|note|yen	банкнота иены	банкнота|валюта|деньги|иена|япония
OBJECTS	💵		dollar banknote	bank|banknote|bill|currency|dollar|money|note	банкнота доллара	австралия|бакс|банкнота|валюта|деньги|доллар|канада|купюра|сша
OBJECTS	💶		euro banknote	100|bank|banknote|bill|currency|euro|money|note|rich	банкнота евро	банкнота|валюта|деньги|евро|евросоюз
OBJECTS	💷		pound banknote	bank|banknote|bill|billion|cash|currency|money|note|pound|pounds	банкнота фунта	англия|банк|банкнота|валюта|великобритания|деньги|стерлинг|стерлингов|фунт
OBJECTS	💸		money with wings	bank|banknote|bill|billion|cash|dollar|fly|million|money|note|pay|wings	банкнота с крылышками	бакс|банкнота|деньги|доллар|крылья|летающая
OBJECTS	💳		credit card	bank|card|cash|charge|credit|money|pay	кредитная карта	банковская|деньги|заплатить|карта|карточка|кредитка|кредитная|оплатить
OBJECTS	🧾		receipt	accounting|bookkeeping|evidence|invoice|proof	чек	бухгалтерия|доказательство|квитанция|счет|фактура
OBJECTS	💹		chart increasing with yen	bank|chart|currency|graph|growth|increasing|market|money|rise|trend|upward|yen	биржа	валюта|деньги|курс|рост|рынок|тенденция
OBJECTS	✉️		envelope	e-mail|email|letter	конверт	письмо|почта|сообщение|электронное
OBJECTS	📧		e-mail	email|letter|mail	электронная почта	конверт|письмо|почта|сообщение|электронное письмо|электронное сообщение
OBJECTS	📨		incoming envelope	delivering|e-mail|email|envelope|incoming|letter|mail|receive|sent	входящее письмо	входящее|конверт|письмо|получение|почта|сообщение|электронное
OBJECTS	📩		envelope with arrow	arrow|communication|down|e-mail|email|envelope|letter|mail|outgoing|send|sent	исходящее письмо	исходящее|конверт|отправка|сообщение|стрелка|электронное
OBJECTS	📤		outbox tray	box|email|letter|mail|outbox|sent|tray	исходящие	исходящая|отправленная|отправленные|письма|почта|почтовый|сообщения|ящик
OBJECTS	📥		inbox tray	box|email|inbox|letter|mail|receive|tray|zero	входящие	входящие письма|полученная|полученные|полученные письма|почта|почтовый|ящик
OBJECTS	📦		package	box|communication|delivery|parcel|shipping	посылка	доставка|коробка|почта
OBJECTS	📫		closed mailbox with raised flag	closed|communication|flag|mail|mailbox|postbox|raised	закрытый почтовый ящик с поднятым флажком	закрыт|поднятый|почта|почтовый|флаг|ящик
OBJECTS	📪		closed mailbox with lowered flag	closed|flag|lowered|mail|mailbox|postbox	закрытый почтовый ящик с опущенным флажком	закрыт|опущенный|почта|почтовый|флаг|ящик
OBJECTS	📬		open mailbox with raised flag	flag|mail|mailbox|open|postbox|raised	открытый почтовый ящик с поднятым флажком	открыт|открытый почтовый ящик с поднятым флажкгом|письмо|поднятый|почта|почтовый|флаг|ящик
OBJECTS	📭		open mailbox with lowered flag	flag|lowered|mail|mailbox|open|postbox	открытый почтовый ящик с опущенным флажком	опущенный|открыт|письмо|почта|почтовый|флаг|ящик
OBJECTS	📮		postbox	mail|mailbox	почтовый ящик	корреспонденция|почта|почтовый|ящик
OBJECTS	🗳️		ballot box with ballot	ballot|box	избирательная урна	бюллетень|выборы|голосовать|избирательный ящик|урна|ящик
OBJECTS	✏️		pencil		карандаш	грифель|простой|рисовать
OBJECTS	✒️		black nib	black|nib|pen	перьевой наконечник	кончик пера|перо|перьевая ручка|письмо|ручка
OBJECTS	🖋️		fountain pen	fountain|pen	перьевая ручка	перо|перьевая|письмо|ручка|чернила|чернильная ручка
OBJECTS	🖊️		pen	ballpoint	шариковая ручка	ручка|чернила|шарик|шариковая
OBJECTS	🖌️		paintbrush	painting	кисточка	кисть|рисование|щетина
OBJECTS	🖍️		crayon		восковой мелок	выделение|карандаш|красный|маркер|мелки|фломастер|цвет
OBJECTS	📝		memo	communication|media|notes|pencil	заметка	запись|карандаш|писать|письмо
OBJECTS	💼		briefcase	office	портфель	бумаги|дипломат|документы|офис|работа
OBJECTS	📁		file folder	file|folder	папка	бумаги|документы|файл
OBJECTS	📂		open file folder	file|folder|open	открытая папка	бумаги|документы|открытая|папка|файл
OBJECTS	🗂️		card index dividers	card|dividers|index	маркированные папки	картотека|карточки|оглавление|папка|папочка|разделители|файлы
OBJECTS	📅		calendar	date	календарь	даты|календарь с датой|назначенная дата|отрывной календарь|числа
OBJECTS	📆		tear-off calendar	calendar|tear-off	отрывной календарь	17 число|дата|день|календарь|листы|отрывной
OBJECTS	🗒️		spiral notepad	note|notepad|pad|spiral	перекидной блокнот	блокнот|записная книга|листы|откидной|пружина
OBJECTS	🗓️		spiral calendar	calendar|pad|spiral	перекидной календарь	блокнот|календарь|листы|перекидной|пружина|расписание
OBJECTS	📇		card index	card|index|old|rolodex|school	органайзер	визитка|визитница|картотека|карточки|указатели
OBJECTS	📈		chart increasing	chart|data|graph|growth|increasing|right|trend|up|upward	диаграмма роста	вверх|диаграмма|рост|скачок|схема|тенденция|улучшение
OBJECTS	📉		chart decreasing	chart|data|decreasing|down|downward|graph|negative|trend	диаграмма падения	вниз|диаграмма|падение|схема|тенденция|ухудшение
OBJECTS	📊		bar chart	bar|chart|data|graph	гистограмма	граф|диаграмма|столбчатая
OBJECTS	📋		clipboard	do|list|notes	планшет с зажимом	бумага|зажим|лист|планшет|список дел
OBJECTS	📌		pushpin	collage|pin	канцелярская кнопка	бумага|кнопка
OBJECTS	📍		round pushpin	location|map|pin|pushpin|round	канцелярская кнопка с шариком	бумага|кнопка|место|местоположение|шарик
OBJECTS	📎		paperclip		скрепка	бумаги|канцелярия|скрепить
OBJECTS	🖇️		linked paperclips	link|linked|paperclip|paperclips	скрепки	бумаги|две|канцелярия|несколько скрепок|присоединить
OBJECTS	📏		straight ruler	angle|edge|math|ruler|straight|straightedge	линейка	измерение|прямая
OBJECTS	📐		triangular ruler	angle|math|rule|ruler|set|slide|triangle|triangular	линейка-треугольник	измерение|измерительный инструмент|линейка|треугольная|треугольник|чертежный набор
OBJECTS	✂️		scissors	cut|cutting|paper|tool	ножницы	инструмент|резать
OBJECTS	🗃️		card file box	box|card|file	картотека	карточки|коробка|сведения|учет|файлы|ящик
OBJECTS	🗄️		file cabinet	cabinet|file|filing|paper	архивный шкаф	архив|данные|кабинет|сведения|хранилище|шкаф|шкафчик
OBJECTS	🗑️		wastebasket	can|garbage|trash|waste	корзина для мусора	бумаги|корзина|корзина для бумаги|мусор|мусорка|мусорная|урна
OBJECTS	🔒		locked	closed|lock|private	закрытый замок	закрытый|замок|затвор|навесной замок
OBJECTS	🔓		unlocked	cracked|lock|open|unlock	открытый замок	закрыть|замок|затвор|открытый
OBJECTS	🔏		locked with pen	ink|lock|locked|nib|pen|privacy	закрытый замок с перьевой ручкой	закрытый замок|замок|защита|конфиденциальность|перо|перьевая ручка|перьевой наконечник|ручка
OBJECTS	🔐		locked with key	bike|closed|key|lock|locked|secure	закрытый замок с ключом	безопасность|закрытый|замок|ключ
OBJECTS	🔑		key	keys|lock|major|password|unlock	ключ	закрыть|открыть|пароль
OBJECTS	🗝️		old key	clue|key|lock|old	старинный ключ	винтажный|замок|ключ|старинный|старый
OBJECTS	🔨		hammer	home|improvement|repairs|tool	молоток	забить|инструмент|молот|ремонт|удар
OBJECTS	🪓		axe	ax|chop|hatchet|split|wood	топор	дрова|дровосек|рубить|рубка
OBJECTS	⛏️		pick	hammer|mining|tool	кирка	добыча|инструмент|шахта
OBJECTS	⚒️		hammer and pick	hammer|pick|tool	кирка и молот	инструмент|кирка|молот|молот и кирка|молоток|серп и молот|строитель|строить|шахта
OBJECTS	🛠️		hammer and wrench	hammer|spanner|tool|wrench	молот и гаечный ключ	гаечный|инструмент|ключ|молот|молоток
OBJECTS	🗡️		dagger	knife|weapon	кинжал	клинок|лезвие|нож|ножик|оружие|острый нож|холодное оружие
OBJECTS	⚔️		crossed swords	crossed|swords|weapon	скрещенные мечи	битва|два меча|крестоносец|крестоносцы|мечи|оружие|рыцарь|скрещение мечей|скрещенные|холодное оружие
OBJECTS	💣		bomb	boom|comic|dangerous|explosion|hot	бомба	взрыв|ложись|опасность|фитиль|черная
OBJECTS	🪃		boomerang	rebound|repercussion|weapon	бумеранг	абориген|австралия|возврат|оружие|последствия
OBJECTS	🏹		bow and arrow	archer|archery|arrow|bow|Sagittarius|tool|weapon|zodiac	лук со стрелой	знак зодиака|оружие|стрелец|стрелы
OBJECTS	🛡️		shield	weapon	щит	безопасность|доспехи|защита|снаряжение
OBJECTS	🪚		carpentry saw	carpenter|carpentry|cut|lumber|saw|tool|trim	пила по дереву	древесина|инструмент|пила|пилить|плотник|резать|столяр
OBJECTS	🔧		wrench	home|improvement|spanner|tool	гаечный ключ	гаечный|инструмент|ключ|ремонт
OBJECTS	🪛		screwdriver	flathead|handy|screw|tool	отвертка	винт|инструмент|мастер|умелец
OBJECTS	🔩		nut and bolt	bolt|home|improvement|nut|tool	болт и гайка	болт|винт|гайка|закрутить|инструмент|ремонт|шуруп
OBJECTS	⚙️		gear	cog|cogwheel|tool	шестеренка	деталь|зубчатое|колесо|шестерня
OBJECTS	🗜️		clamp	compress|tool|vice	компрессор	зажим|тиски
OBJECTS	⚖️		balance scale	balance|justice|Libra|scale|scales|tool|weight|zodiac	весы	взвешивание|знак|зодиак|правосудие|справедливость
OBJECTS	🦯		white cane	accessibility|blind|cane|probing|white	белая трость	белая|инвалид|палка|слепой|трость|ходьба
OBJECTS	🔗		link	links	гиперссылка	звенья|связывание|связь|ссылка|цепочка|цепь
OBJECTS	⛓️‍💥		broken chain	break|breaking|broken|chain|cuffs|freedom	разорванная цепь	оковы|разорвать|разрыв|свобода|цепь
OBJECTS	⛓️		chains	chain	цепь	звено|звенья|цепи|цепочка
OBJECTS	🪝		hook	catch|crook|curve|ensnare|point|selling	крюк	захват|крючок|подвес|уловка
OBJECTS	🧰		toolbox	box|chest|mechanic|red|tool	ящик для инструментов	инструменты|комплект инструментов|коробка|красный ящик|мастер|механик|набор инструментов|ремонт|слесарь
OBJECTS	🧲		magnet	attraction|horseshoe|magnetic|negative|positive|shape|u	магнит	магнетический|магнит-подкова|отрицательный|подкова|положительный|притяжение
OBJECTS	🪜		ladder	climb|rung|step	лестница	залезать|лезть|перекладина|стремянка|ступень
OBJECTS	🪏		shovel	bury|dig|garden|hole|plant|scoop|snow|spade	лопата	ковш|копать|совок|яма
OBJECTS	⚗️		alembic	chemistry|tool	перегонный сосуд	аппарат|куб|перегонный|сосуд|химия
OBJECTS	🧪		test tube	chemist|chemistry|experiment|lab|science|test|tube	пробирка	лаборатория|наука|опыты|химик|химия|эксперимент|эксперименты
OBJECTS	🧫		petri dish	bacteria|biologist|biology|culture|dish|lab|petri	чашка Петри	анализы|бактерии|биолог|биология|лаборатория|эксперимент
OBJECTS	🧬		dna	biologist|evolution|gene|genetics|life	ДНК	биология|генетика|гены|жизнь|молекула|эволюция
OBJECTS	🔬		microscope	experiment|lab|science|tool	микроскоп	биология|изучать|инструмент|исследовать|клетки|лупа|микробы|прибор|увеличение
OBJECTS	🔭		telescope	contact|extraterrestrial|science|tool	телескоп	астрономия|звезды|инструмент|линза|лупа|планетарий|планеты|прибор|увеличительное стекло
OBJECTS	📡		satellite antenna	aliens|antenna|contact|dish|satellite|science	спутниковая антенна	антенна|спутник|спутниковая
OBJECTS	💉		syringe	doctor|flu|medicine|needle|shot|sick|tool|vaccination	шприц	инъекция|кровь|лечение|медицина|препарат|прививка|укол
OBJECTS	🩸		drop of blood	bleed|blood|donation|drop|injury|medicine|menstruation	капля крови	донор|капля|красный|кровить|кровоточить|кровь|медицина|менструация
OBJECTS	💊		pill	doctor|drugs|medicated|medicine|pills|sick|vitamin	пилюля	барбитураты|капсула|лекарство|лечиться|медикаменты|препарат|рецепт|таблетка
OBJECTS	🩹		adhesive bandage	adhesive|bandage	пластырь	заклеить|лейкопластырь|лечить|медицина|порез|рана
OBJECTS	🩼		crutch	aid|cane|disability|help|hurt|injured|mobility|stick	костыль	инвалид|инвалидность|костыли|опора|перелом|повреждение|помощь|предмет|травма|трость
OBJECTS	🩺		stethoscope	doctor|heart|medicine	стетоскоп	врач|доктор|инструмент|медицина|сердце|слушать
OBJECTS	🩻		x-ray	bones|doctor|medical|skeleton|skull|xray	рентген	врач|кости|медицина|предмет|просветить|скелет|снимок
OBJECTS	🚪		door	back|closet|front	дверь	вход|входная|выход|двери|дверная ручка|закрытая|проем
OBJECTS	🛗		elevator	accessibility|hoist|lift	лифт	грузоподъемник|подъемник|специальные возможности
OBJECTS	🪞		mirror	makeup|reflection|reflector|speculum	зеркало	краситься|макияж|отражатель|отражение
OBJECTS	🪟		window	air|frame|fresh|opening|transparent|view	окно	вид|окошко|прозрачный|рама|свежий воздух|стекло
OBJECTS	🛏️		bed	hotel|sleep	кровать	гостиница|дом|застеленная постель|отель|постель|пустая|спальня|спать
OBJECTS	🛋️		couch and lamp	couch|hotel|lamp	диван и торшер	вечер|диван|лампа|лень|отдых дома|торшер|уют
OBJECTS	🪑		chair	seat|sit	стул	мебель|сидение|сидеть|сидя|стулья
OBJECTS	🚽		toilet	bathroom	унитаз	бачок|смывать|туалет
OBJECTS	🪠		plunger	cup|force|plumber|poop|suction|toilet	вантуз	засор|прочистка|сантехник|слив|сортир|туалет
OBJECTS	🚿		shower	water	душ	вода|мыться|принимать душ|струя воды|чистота
OBJECTS	🛁		bathtub	bath	ванна	ванная|вода|купаться|мыться|принимать ванную|чистота
OBJECTS	🪤		mouse trap	bait|cheese|lure|mouse|mousetrap|snare|trap	мышеловка	заманить|западня|капкан|ловушка|приманка|сыр
OBJECTS	🪒		razor	sharp|shave	бритва	бритье|бриться|лезвие|лицо|опасная|острый
OBJECTS	🧴		lotion bottle	bottle|lotion|moisturizer|shampoo|sunscreen	бутылка лосьона	бальзам|гель для душа|кондиционер|крем|лосьон|увлажнение|флакон|шампунь
OBJECTS	🧷		safety pin	diaper|pin|punk|rock|safety	английская булавка	булавка|приколоть|пристегнуть
OBJECTS	🧹		broom	cleaning|sweeping|witch	метла	ведьма|веник|подметать|уборка
OBJECTS	🧺		basket	farming|laundry|picnic	корзина	грибы|корзина с бельем|пикник|собирать|стирка|ягоды
OBJECTS	🧻		roll of paper	paper|roll|toilet|towels	рулон бумаги	бумага|бумажное полотенце|бумажные полотенца|рулон|салфетка|туалетная бумага
OBJECTS	🪣		bucket	cask|pail|vat	ведро	бадья|ведерко|кадка
OBJECTS	🧼		soap	bar|bathing|clean|cleaning|lather|soapdish	мыло	ванна|душ|купание|кусок мыла|мало|мыльная пена|мыть|пена|пузыри
OBJECTS	🫧		bubbles	bubble|burp|clean|floating|pearl|soap|underwater	пузыри	вода|мыло|мыльные пузыри|мыть|предмет|пузырь|чистый
OBJECTS	🪥		toothbrush	bathroom|brush|clean|dental|hygiene|teeth|toiletry	зубная щетка	ванная|гигиена|зубы|умываться|чистить|чистый|щетка
OBJECTS	🧽		sponge	absorbing|cleaning|porous|soak	губка	ванна|впитывать|мочалка|мыло|мыть|мытье посуды|пена|посуда|спонж|чистить
OBJECTS	🧯		fire extinguisher	extinguish|extinguisher|fire|quench	огнетушитель	красный|огонь|пожар|тушение пожара|тушить
OBJECTS	🛒		shopping cart	cart|shopping|trolley	тележка для покупок	магазин|покупки|тележка
OBJECTS	🚬		cigarette	smoking	сигарета	дым|курение|курить|курю|можно|окурок|пепел|разрешено
OBJECTS	⚰️		coffin	dead|death|vampire	гроб	гибель|погребение|похороны|смерть
OBJECTS	🪦		headstone	cemetery|dead|grave|graveyard|memorial|rip|tomb|tombstone	надгробие	гробница|кладбище|могила|могильный камень
OBJECTS	⚱️		funeral urn	ashes|death|funeral|urn	урна с прахом	останки|пепел|похороны|прах|смерть|урна
OBJECTS	🧿		nazar amulet	amulet|bead|blue|charm|evil-eye|nazar|talisman	назар бонджук	амулет|око|сглаз|синий|талисман
OBJECTS	🪬		hamsa	amulet|Fatima|fortune|guide|hand|Mary|Miriam|palm|protect|protection	хамса	амулет|защита|защитить|кисть|ладонь|предмет|рука|рука Марии|рука Мириам|рука Фатимы
OBJECTS	🗿		moai	face|moyai|statue|stoneface|travel	истукан	голова|лицо|остров|пасхи|статуя
OBJECTS	🪧		placard	card|demonstration|notice|picket|plaque|protest|sign	плакат	высказаться|демонстрация|заявление|знак|пикет|протест
OBJECTS	🪪		identification card	card|credentials|document|ID|identification|license|security	удостоверение личности	водительские права|документ|паспорт|права|удостоверение
SYMBOLS	🏧		ATM sign	ATM|automated|bank|cash|money|sign|teller	значок банкомата	банкомат|выдача|деньги|наличные|терминал
SYMBOLS	🚮		litter in bin sign	bin|litter|litterbin|sign	бросайте мусор в урну	мусор|мусорить|мусорка|урна
SYMBOLS	🚰		potable water	drinking|potable|water	питьевая вода	вода|кран|пить|питьевая
SYMBOLS	♿		wheelchair symbol	access|handicap|symbol|wheelchair	значок «для инвалидов»	возможности|доступ|значок|инвалид|инвалидная|коляска
SYMBOLS	🚹		men’s room	bathroom|lavatory|man|men’s|restroom|room|toilet|WC	мужской туалет	кабинки|мужской|мужчины|туалет|уборная
SYMBOLS	🚺		women’s room	bathroom|lavatory|restroom|room|toilet|WC|woman|women’s	женский туалет	женщины|кабинки|туалет|уборная
SYMBOLS	🚻		restroom	bathroom|lavatory|toilet|WC	уборная	WC|туалет
SYMBOLS	🚼		baby symbol	baby|changing|symbol	пеленальная	дети|младенцы|пеленки|стол
SYMBOLS	🚾		water closet	bathroom|closet|lavatory|restroom|toilet|water|WC	туалет	WC|общественный|уборная|унитаз
SYMBOLS	🛂		passport control	control|passport	паспортный контроль	контроль|паспортный|печать|пограничник|проверка
SYMBOLS	🛃		customs	packing	таможня	багаж|граница|проверка|таможенник
SYMBOLS	🛄		baggage claim	arrived|baggage|bags|case|checked|claim|journey|packing|plane|ready|travel|trip	получение багажа	багаж|лента|получение|прибытие|чемодан
SYMBOLS	🛅		left luggage	baggage|case|left|locker|luggage	забытый багаж	багаж|замок|кабинка|камера|ключ|хранения|чемодан
SYMBOLS	⚠️		warning	caution	значок предупреждения	восклицательный|желтый|знак|оповещение|осторожно|предупреждение|треугольный
SYMBOLS	🚸		children crossing	child|children|crossing|pedestrian|traffic	знак «дети»	движение|дети|дорога|знак "дети"|переход|пешеход|пешеходы
SYMBOLS	⛔		no entry	do|entry|fail|forbidden|no|not|pass|prohibited|traffic	въезд запрещен	вход|въезд|запрещен|запрещено|кирпич|красный|круг|нет|стоп
SYMBOLS	🚫		prohibited	entry|forbidden|no|not|smoke	запрещено	вход|входа|зачеркнутый|красный|круг|нельзя|нет
SYMBOLS	🚳		no bicycles	bicycle|bicycles|bike|forbidden|no|not|prohibited	перечеркнутый велосипед	велосипед|въезд|въезда|запрещено|нельзя|нет|перечеркнутый
SYMBOLS	🚭		no smoking	forbidden|no|not|prohibited|smoke|smoking	курение запрещено	запрет|запрещено|красный|круг|курение|курить|не|нельзя|черный
SYMBOLS	🚯		no littering	forbidden|litter|littering|no|not|prohibited	не мусорьте	запрещено|красный|мусор|мусорить|нельзя|перечеркнутый|черный
SYMBOLS	🚱		non-potable water	dry|non-drinking|non-potable|prohibited|water	непитьевая вода	вода|вредно|запрещено|кран|круг|не|нельзя|непитьевая|опасно|перечеркнутый|пить
SYMBOLS	🚷		no pedestrians	forbidden|no|not|pedestrian|pedestrians|prohibited	переход запрещен	входить|запрещен|круг|не|опасно|переход|пешеход|пешеходный
SYMBOLS	📵		no mobile phones	cell|forbidden|mobile|no|not|phone|phones|prohibited|telephone	мобильные телефоны запрещены	запрещен|запрещено|запрещены|звонить|звонки|мобильный|перечеркнутый|смартфон|сотовый|телефон
SYMBOLS	🔞		no one under eighteen	18|age|eighteen|forbidden|no|not|one|prohibited|restriction|underage	для людей старше восемнадцати лет	18 лет|запрет|нельзя|несовершеннолетним запрещено
SYMBOLS	☢️		radioactive	sign	радиация	знак|опасность|радиоактивность|символ|угроза
SYMBOLS	☣️		biohazard	sign	биологическая угроза	биологическая|знак|опасность|угроза|химическая
SYMBOLS	⬆️		up arrow	arrow|cardinal|direction|north|up	стрелка вверх	вверх|направление|север|стрелка
SYMBOLS	↗️		up-right arrow	arrow|direction|intercardinal|northeast|up-right	стрелка вправо-вверх	вправо-вверх|направление|северо-восток|стрелка
SYMBOLS	➡️		right arrow	arrow|cardinal|direction|east|right	стрелка вправо	восток|вправо|направление|стрелка
SYMBOLS	↘️		down-right arrow	arrow|direction|down-right|intercardinal|southeast	стрелка вправо-вниз	вправо-вниз|направление|стрелка|юго-восток
SYMBOLS	⬇️		down arrow	arrow|cardinal|direction|down|south	стрелка вниз	вниз|направление|стрелка|юг
SYMBOLS	↙️		down-left arrow	arrow|direction|down-left|intercardinal|southwest	стрелка влево-вниз	влево-вниз|направление|стрелка|юго-запад
SYMBOLS	⬅️		left arrow	arrow|cardinal|direction|left|west	стрелка влево	влево|запад|направление|стрелка
SYMBOLS	↖️		up-left arrow	arrow|direction|intercardinal|northwest|up-left	стрелка влево-вверх	влево-вверх|направление|северо-запад|стрелка
SYMBOLS	↕️		up-down arrow	arrow|up-down	стрелка вверх-вниз	вверх|вверх-вниз|вниз|двойная|стрелка
SYMBOLS	↔️		left-right arrow	arrow|left-right	стрелка влево-вправо	влево|влево-вправо|вправо|двойная|стрелка
SYMBOLS	↩️		right arrow curving left	arrow|curving|left|right	стрелка вправо с поворотом влево	влево|вправо|изгиб|изогнутая|поворот|стрелка
SYMBOLS	↪️		left arrow curving right	arrow|curving|left|right	стрелка влево с поворотом вправо	влево|вправо|изгиб|изогнутая|поворот|стрелка
SYMBOLS	⤴️		right arrow curving up	arrow|curving|right|up	стрелка вправо с поворотом вверх	вверх|вправо|изгиб|изогнутая|поворот|стрелка
SYMBOLS	⤵️		right arrow curving down	arrow|curving|down|right	стрелка вправо с поворотом вниз	вниз|вправо|изгиб|изогнутая|поворот|стрелка
SYMBOLS	🔃		clockwise vertical arrows	arrow|arrows|clockwise|refresh|reload|vertical	по часовой стрелке	вертикальные|зависание|перезагрузка|по|стрелке|стрелки|часовой
SYMBOLS	🔄		counterclockwise arrows button	again|anticlockwise|arrow|arrows|button|counterclockwise|deja|refresh|rewindershins|vu	против часовой стрелки	горизонтальные|кнопка|обновить|обновление|против|стрелки|часовой
SYMBOLS	🔙		BACK arrow	arrow|BACK	стрелка «назад»	вернуться|назад|стрелка
SYMBOLS	🔚		END arrow	arrow|END	стрелка «конец»	конец|стрелка конец
SYMBOLS	🔛		ON! arrow	arrow|mark|ON!	стрелка «активно»	активно|включено|стрелка активно
SYMBOLS	🔜		SOON arrow	arrow|brb|omw|SOON	стрелка «скоро»	вправо|далее|продолжение|скоро|следует|стрелка
SYMBOLS	🔝		TOP arrow	arrow|homie|TOP|up	стрелка «верх»	вверх|верх|наверх|стрелка|топ
SYMBOLS	🛐		place of worship	place|pray|religion|worship	религия	место|молитва|молиться|поклонение|религиозное|святое|святыня
SYMBOLS	⚛️		atom symbol	atheist|atom|symbol	символ атома	атеизм|атеист|атом|атомный|символ|частица
SYMBOLS	🕉️		om	Hindu|religion	ом	аум|мантра|религия
SYMBOLS	✡️		star of David	David|Jew|Jewish|judaism|religion|star	звезда Давида	вера|давид|еврей|звезда|иудаизм|религия|шестиконечная
SYMBOLS	☸️		wheel of dharma	Buddhist|dharma|religion|wheel	колесо дхармы	буддизм|буддийский|дхарма|колесо|религия
SYMBOLS	☯️		yin yang	difficult|lives|religion|tao|taoist|total|yang|yin|yinyang	инь-ян	вера|инь|инь-янь|религия|символ|тао|таоизм|ян|янь
SYMBOLS	✝️		latin cross	christ|Christian|cross|latin|religion	латинский крест	крест|латинский|религия|христианский|христианство
SYMBOLS	☦️		orthodox cross	Christian|cross|orthodox|religion	православный крест	вера|крест|православие|православный|религия|христианин|христианство
SYMBOLS	☪️		star and crescent	crescent|islam|Muslim|ramadan|religion|star	звезда и полумесяц	вера|звезда|ислам|мечеть|мусульманин|мусульманство|полумесяц|Рамадан|религия|символ
SYMBOLS	☮️		peace symbol	healing|peace|peaceful|symbol	пацифик	значок|мир|пацифизм|символ
SYMBOLS	🕎		menorah	candelabrum|candlestick|hanukkah|jewish|judaism|religion	менора	подсвечник|религия|свечи|ханука|ханукия
SYMBOLS	🔯		dotted six-pointed star	dotted|fortune|jewish|judaism|six-pointed|star	шестиконечная звезда	звезда|звезда Давида
SYMBOLS	🪯		khanda	Deg|Fateh|Khalsa|Khanda|religion|Sikh|Sikhism|Tegh	кханда	дег|религия|сикх|сикхизм|символ|тех|фатех|хальса
SYMBOLS	♈		Aries	horoscope|ram|zodiac	знак зодиака Овен	баран|гороскоп|знак|зодиак|овен|овца
SYMBOLS	♉		Taurus	bull|horoscope|ox|zodiac	знак зодиака Телец	бык|гороскоп|знак|зодиак|теленок|телец
SYMBOLS	♊		Gemini	horoscope|twins|zodiac	знак зодиака Близнецы	близнецы|гороскоп|знак|зодиак
SYMBOLS	♋		Cancer	crab|horoscope|zodiac	знак зодиака Рак	гороскоп|знак|зодиак|рак
SYMBOLS	♌		Leo	horoscope|lion|zodiac	знак зодиака Лев	гороскоп|знак|зодиак|лев
SYMBOLS	♍		Virgo	horoscope|zodiac	знак зодиака Дева	гороскоп|дева|знак|зодиак
SYMBOLS	♎		Libra	balance|horoscope|justice|scales|zodiac	знак зодиака Весы	весы|гороскоп|знак|зодиак
SYMBOLS	♏		Scorpio	horoscope|scorpion|Scorpius|zodiac	знак зодиака Скорпион	гороскоп|знак|зодиак|скорпион
SYMBOLS	♐		Sagittarius	archer|horoscope|zodiac	знак зодиака Стрелец	гороскоп|знак|зодиак|стрелец
SYMBOLS	♑		Capricorn	goat|horoscope|zodiac	знак зодиака Козерог	гороскоп|знак|зодиак|козерог
SYMBOLS	♒		Aquarius	bearer|horoscope|water|zodiac	знак зодиака Водолей	водолей|гороскоп|знак|зодиак
SYMBOLS	♓		Pisces	fish|horoscope|zodiac	знак зодиака Рыбы	гороскоп|знак|зодиак|рыба|рыбы
SYMBOLS	⛎		Ophiuchus	bearer|serpent|snake|zodiac	знак зодиака Змееносец	гороскоп|змееносец|знак|зодиак
SYMBOLS	🔀		shuffle tracks button	arrow|button|crossed|shuffle|tracks	случайный выбор	выбор|перемешивание|пересечение|скрещенные|случайно|случайный|стрелки
SYMBOLS	🔁		repeat button	arrow|button|clockwise|repeat	повтор	горизонтальные|замкнутые|по|повторить|стрелке|стрелки|часовой
SYMBOLS	🔂		repeat single button	arrow|button|clockwise|once|repeat|single	повтор одной песни	две стрелки|кнопка|одна песня|повтор
SYMBOLS	▶️		play button	arrow|button|play|right|triangle	воспроизведение	вперед|вправо|геометрия|кнопка|перемотать|перемотка|проигрывание|треугольник|фигура
SYMBOLS	⏩		fast-forward button	arrow|button|double|fast|fast-forward|forward	перемотка вперед	вперед|вправо|два|кнопка|перемотать|перемотка|треугольника
SYMBOLS	⏭️		next track button	arrow|button|next|scene|track|triangle	следующий трек	вперед|вправо|далее|два треугольника|дорожка|кнопка|композиция|перемотать|перемотка|песня|следующая|следующий|трек|черта
SYMBOLS	⏯️		play or pause button	arrow|button|pause|play|right|triangle	воспроизведение/пауза	воспроизведение|воспроизвести|воспроизвещение|две черты|играть|кнопка|пауза|приостановить|треугольник
SYMBOLS	◀️		reverse button	arrow|button|left|reverse|triangle	реверс	влево|кнопка|назад|обратный|стрелка
SYMBOLS	⏪		fast reverse button	arrow|button|double|fast|reverse|rewind	перемотка назад	влево|два треугольника|кнопка|назад|перемотать|стрелка
SYMBOLS	⏮️		last track button	arrow|button|last|previous|scene|track|triangle	предыдущий трек	влево|два треугольника|перемотать назад|перемотка|перемотка назад|предыдущая дорожка|предыдущая композиция
SYMBOLS	🔼		upwards button	arrow|button|red|up|upwards	треугольник острием вверх	вверх|кнопка|кнопка треугольник острием вверх|пирамида|треугольник
SYMBOLS	⏫		fast up button	arrow|button|double|fast|up	два треугольника острием вверх	вверх|два треугольника|кнопка|стрелка|стрелки вверх
SYMBOLS	🔽		downwards button	arrow|button|down|downwards|red	треугольник острием вниз	вниз|кнопка|треугольник
SYMBOLS	⏬		fast down button	arrow|button|double|down|fast	два треугольника острием вниз	вниз|два треугольника|кнопка|стрелка|стрелки вниз
SYMBOLS	⏸️		pause button	bar|button|double|pause|vertical	пауза	две черты|кнопка|кнопка паузы|остановить|стоп
SYMBOLS	⏹️		stop button	button|square|stop	стоп	кнопка|остановить|остановка
SYMBOLS	⏺️		record button	button|circle|record	запись	записать|кнопка|круг|начать запись
SYMBOLS	⏏️		eject button	button|eject	выброс	кнопка
SYMBOLS	🎦		cinema	camera|film|movie	видеозапись	видео|видеокамера|дубль|запись|камера|кино|кинокамера|телевидение|фильм
SYMBOLS	🔅		dim button	brightness|button|dim|low	низкая яркость	низкий|солнышко|темно|уровень|яркость
SYMBOLS	🔆		bright button	bright|brightness|button|light	высокая яркость	высокий|светло|уровень|яркость
SYMBOLS	📶		antenna bars	antenna|bar|bars|cell|communication|mobile|phone|signal|telephone	сигнал сети	антенна|подключение|связь|телефон|уровень сигнала
SYMBOLS	🛜		wireless	broadband|computer|connectivity|hotspot|internet|network|router|smartphone|wi-fi|wifi|wlan	беспроводная сеть	wi-fi|wifi|wlan|вайфай|интернет|компьютер|подключение|роутер|сеть|смартфон|точка доступа|широкополосный
SYMBOLS	📳		vibration mode	cell|communication|mobile|mode|phone|telephone|vibration	режим вибрации	вибрация|мобильник|мобильный|режим|смартфон|телефон|телефон вибрирует
SYMBOLS	📴		mobile phone off	cell|mobile|off|phone|telephone	выключенный телефон	выключен|выключено|мобильник|мобильный|смартфон|сотовый|телефон
SYMBOLS	♀️		female sign	female|sign|woman	женский символ	венера|женщина|символ
SYMBOLS	♂️		male sign	male|man|sign	мужской символ	марс|мужчина|символ
SYMBOLS	⚧️		transgender symbol	symbol|transgender	трансгендер	символ|трансгендерная|трансгендерное|трансгендерные|трансгендерный
SYMBOLS	✖️		multiply	×|cancel|multiplication|sign|x	знак умножения	знак|отмена|отмены|умножение|умножения|х
SYMBOLS	➕		plus	+	знак сложения	добавить|знак|плюс|прибавить|сложение|сложения
SYMBOLS	➖		minus	-|−|heavy|math|sign	знак вычитания	вычесть|вычитание|вычитания|знак|минус|отнять
SYMBOLS	➗		divide	÷|division|heavy|math|sign	знак деления	деление|деления|делить|знак|разделить
SYMBOLS	🟰		heavy equals sign	answer|equal|equality|equals|heavy|math|sign	жирный знак равенства	знак|математика|равенства|равенство|равно
SYMBOLS	♾️		infinity	forever|unbounded|universal	бесконечность	знак бесконечности|навсегда|постоянно
SYMBOLS	‼️		double exclamation mark	!|!!|bangbang|double|exclamation|mark|punctuation	два восклицательных знака	восклицание|восклицательные|восклицательный|восклицательных|два|знак|знака|знаки|пунктуация
SYMBOLS	⁉️		exclamation question mark	!|!?|?|exclamation|interrobang|mark|punctuation|question	восклицательный и вопросительный знаки	вопрос|вопросительный|восклицание|восклицательный|знак|знаки|и|пунктуация
SYMBOLS	❓		red question mark	?|mark|punctuation|question|red	красный вопросительный знак	вопрос|вопроса|вопросительный|знак|красный|пунктуация
SYMBOLS	❔		white question mark	?|mark|outlined|punctuation|question|white	белый вопросительный знак	?|белый|вопрос|вопросительный|знак|пунктуация
SYMBOLS	❕		white exclamation mark	!|exclamation|mark|outlined|punctuation|white	белый восклицательный знак	белый|восклицание|восклицательный знак|восклицать|знак|пунктуация
SYMBOLS	❗		red exclamation mark	!|exclamation|mark|punctuation|red	красный восклицательный знак	восклицание|восклицательный знак|знак|красный|пунктуация
SYMBOLS	〰️		wavy dash	dash|punctuation|wavy	волнистая линия	волна|волнистая|знак|линия|пунктуация
SYMBOLS	💱		currency exchange	bank|currency|exchange|money	обмен валюты	банк|валюта|валюты|деньги|касса|курс|обмен
SYMBOLS	💲		heavy dollar sign	billion|cash|charge|currency|dollar|heavy|million|money|pay|sign	жирный знак доллара	валюта|деньги|доллар|США
SYMBOLS	⚕️		medical symbol	aesculapius|medical|medicine|staff|symbol	медицинский символ	аптека|асклепий|врачевание|жезл|лекарства|лекарство|лечение|медицина|посох|посох со змеей
SYMBOLS	♻️		recycling symbol	recycle|recycling|symbol	утилизация	мусор|мусорный|отходы|переработка|переработка отходов
SYMBOLS	⚜️		fleur-de-lis	knights	геральдическая лилия	геральдика|герб|лилия|фигура|флер-де-лис
SYMBOLS	🔱		trident emblem	anchor|emblem|poseidon|ship|tool|trident	трезубец	вилы|посейдон|символ|эмблема
SYMBOLS	📛		name badge	badge|name	бейдж	бейджик|значок|значок с именем|имя|огонь|предупреждение
SYMBOLS	🔰		Japanese symbol for beginner	beginner|chevron|green|Japanese|leaf|symbol|tool|yellow	символ новичка	новичок|символ|Япония|японский символ новичка
SYMBOLS	⭕		hollow red circle	circle|heavy|hollow|large|o|red	красное кольцо	большое кольцо|большой круг|кольцо|красное|красный круг|круг|синий круг
SYMBOLS	✅		check mark button	✓|button|check|checked|checkmark|complete|completed|done|fixed|mark|tick	белая галочка	белая|галочка|готово|знак|проверено|проверка|сделано
SYMBOLS	☑️		check box with check	✓|ballot|box|check|checked|done|off|tick	галочка в квадрате	бюллетень|бюллетень с галочкой|выполнено|галочка|голосование|готово|проверено|проверка|сделано
SYMBOLS	✔️		check mark	✓|check|checked|checkmark|done|heavy|mark|tick	галочка	галка|готово|знак|значок|отметка|отмечено|помечено|черная галочка|черный
SYMBOLS	❌		cross mark	×|cancel|cross|mark|multiplication|multiply|x	крестик	закрытие|значок|отмена|умножение
SYMBOLS	❎		cross mark button	×|button|cross|mark|multiplication|multiply|square|x	кнопка «крестик»	закрытие|квадрат|кнопка|кнопка "крестик"|крестик|умножение
SYMBOLS	➰		curly loop	curl|curly|loop	петля	значок|петелька
SYMBOLS	➿		double curly loop	curl|curly|double|loop	двойная петля	две|двойная|петелька|петельки|петли|петля
SYMBOLS	〽️		part alternation mark	alternation|mark|part	вступает другой голос	голос|другой голос|знак|певцы|япония
SYMBOLS	✳️		eight-spoked asterisk	*|asterisk|eight-spoked	восьмиконечная звездочка	восьмиконечная|звезда|звездочка
SYMBOLS	✴️		eight-pointed star	*|eight-pointed|star	восьмиконечная звезда	восьмиконечная|звезда
SYMBOLS	❇️		sparkle	*	искра	мерцание
SYMBOLS	©️		copyright	C	значок защиты авторского права	автор|авторские права|авторское|защита|значок|копирайт|право|символ
SYMBOLS	®️		registered	R	зарегистрированный товарный знак	зарегистрирован|зарегистрировано|товарный знак
SYMBOLS	™️		trade mark	mark|TM|trade|trademark	товарный знак	ТМ|товарная марка|торговая марка|торговый знак
SYMBOLS	🫟		splatter	drip|holi|ink|liquid|mess|paint|spill|stain	клякса	краска|пролить|пятно|Холи
SYMBOLS	#️⃣		keycap: #	keycap	клавиши: #	клавиши
SYMBOLS	*️⃣		keycap: *	keycap	клавиши: *	клавиши
SYMBOLS	0️⃣		keycap: 0	0|keycap|zero	клавиша 0	0|клавиша|ноль
SYMBOLS	1️⃣		keycap: 1	1|keycap|one	клавиша 1	1|клавиша|один
SYMBOLS	2️⃣		keycap: 2	2|keycap|two	клавиша 2	2|два|клавиша
SYMBOLS	3️⃣		keycap: 3	3|keycap|three	клавиша 3	3|клавиша|три
SYMBOLS	4️⃣		keycap: 4	4|four|keycap	клавиша 4	4|клавиша|четыре
SYMBOLS	5️⃣		keycap: 5	5|five|keycap	клавиша 5	5|клавиша|пять
SYMBOLS	6️⃣		keycap: 6	6|keycap|six	клавиша 6	6|клавиша|шесть
SYMBOLS	7️⃣		keycap: 7	7|keycap|seven	клавиша 7	7|клавиша|семь
SYMBOLS	8️⃣		keycap: 8	8|eight|keycap	клавиша 8	8|восемь|клавиша
SYMBOLS	9️⃣		keycap: 9	9|keycap|nine	клавиша 9	9|девять|клавиша
SYMBOLS	🔟		keycap: 10	keycap	клавиши: 10	клавиши
SYMBOLS	🔠		input latin uppercase	ABCD|input|latin|letters|uppercase	ввод прописными	алфавит|ввод|верхний регистр|латиница|латинские буквы|прописные|прописные символы
SYMBOLS	🔡		input latin lowercase	abcd|input|latin|letters|lowercase	ввод строчными	алфавит|буквы|ввод|кнопка|латинские буквы|нижний регистр|строчные|строчные символы
SYMBOLS	🔢		input numbers	1234|input|numbers	ввод цифр	ввод|цифры
SYMBOLS	🔣		input symbols	&|%|♪|〒|input|symbols	ввод символов	ввод|символы
SYMBOLS	🔤		input latin letters	abc|alphabet|input|latin|letters	ввод латиницей	алфавит|буквы|ввод|латиница|латинские|латинский|символы
SYMBOLS	🅰️		A button (blood type)	blood|button|type	II группа крови	2 группа крови|буква А|вторая группа крови|группа крови|группа крови А|кровь
SYMBOLS	🆎		AB button (blood type)	AB|blood|button|type	IV группа крови	4 группа крови|буквы АВ|группа крови|группа крови AB|кровь|четвертая группа крови
SYMBOLS	🅱️		B button (blood type)	B|blood|button|type	III группа крови	3 группа крови|буква В|группа крови|группа крови В|кровь|третья группа крови
SYMBOLS	🆑		CL button	button|CL	кнопка «очистить»	CL|значок «понятно»|кнопка|кнопка "очистить"|кнопка "стереть"|очистить|стереть|ясно
SYMBOLS	🆒		COOL button	button|COOL	значок «круто»	здорово|значок|кнопка|круто
SYMBOLS	🆓		FREE button	button|FREE	значок «бесплатно»	бесплатно|значок|кнопка
SYMBOLS	ℹ️		information	I	значок информации	значок|инфо|информации|информация|подробнее|сведения|справка|справки
SYMBOLS	🆔		ID button	button|ID|identity	значок «идентификация»	значок|идентификатор|идентификация|кнопка
SYMBOLS	Ⓜ️		circled M	circle|circled|M	буква «м» в кружке	буква|буква "м" в кружке|буква в кружке|кружок|м
SYMBOLS	🆕		NEW button	button|NEW	значок «новинка»	значок|значок "новинка"|новинка|новое|новый
SYMBOLS	🆖		NG button	button|NG	значок «не годится»	значок|значок "не годится"|не годится|нехорошо|плохо
SYMBOLS	🅾️		O button (blood type)	blood|button|O|type	I группа крови	1 группа крови|буква О|группа крови|группа крови O|кнопка с О|кровь|О|первая группа крови
SYMBOLS	🆗		OK button	button|OK|okay	значок «ОК»	значок|о’кей|ОК|окей|хорошо
SYMBOLS	🅿️		P button	button|P|parking	парковка	автостоянка|машины|парковаться|припарковаться|стоянка
SYMBOLS	🆘		SOS button	button|help|SOS	значок SOS	sos|SOS|помогите|помощь|сос|спасите
SYMBOLS	🆙		UP! button	button|mark|UP|UP!	значок «обновление»	вверх|значок|значок "обновление"|обновление
SYMBOLS	🆚		VS button	button|versus|VS	значок «против»	значок|кнопка|против|сравнение
SYMBOLS	🈁		Japanese “here” button	button|here|Japanese|katakana	значок «здесь»	здесь|значок|кнопка|япония
SYMBOLS	🈂️		Japanese “service charge” button	button|charge|Japanese|katakana|service	цена услуги	значок|кнопка|стоимость|услуги|цена|япония
SYMBOLS	🈷️		Japanese “monthly amount” button	amount|button|ideograph|Japanese|monthly	месяц	значок|иероглиф|кнопка|сумма|япония
SYMBOLS	🈶		Japanese “not free of charge” button	button|charge|free|ideograph|Japanese|not	платно	значок|иероглиф|кнопка|наличие|япония
SYMBOLS	🈯		Japanese “reserved” button	button|ideograph|Japanese|reserved	забронировано	занято|значок|кнопка|япония
SYMBOLS	🉐		Japanese “bargain” button	bargain|button|ideograph|Japanese	удачная сделка	выгода|значок|кнопка|сделка|япония
SYMBOLS	🈹		Japanese “discount” button	button|discount|ideograph|Japanese	скидка	деление|значок|значок "скидка"|иероглиф|кнопка|кнопка "скидка"|япония
SYMBOLS	🈚		Japanese “free of charge” button	button|charge|free|ideograph|Japanese	бесплатно	значок|иероглиф|кнопка|нет в наличии|отсутствие|япония
SYMBOLS	🈲		Japanese “prohibited” button	button|ideograph|Japanese|prohibited	запрет	воспрещен|вход запрещен|запрещено|значок|иероглиф|кнопка|нельзя|япония
SYMBOLS	🉑		Japanese “acceptable” button	acceptable|button|ideograph|Japanese	допустимость	допустимо|значок|иероглиф|китай|кнопка|можно|приемлемо|принятие
SYMBOLS	🈸		Japanese “application” button	application|button|ideograph|Japanese	заявка	запрос|значок|иероглиф|китай|кнопка|подача|япония
SYMBOLS	🈴		Japanese “passing grade” button	button|grade|ideograph|Japanese|passing	проходной балл	значок|иероглиф|китай|кнопка|пропускной балл|согласие|япония
SYMBOLS	🈳		Japanese “vacancy” button	button|ideograph|Japanese|vacancy	есть места	доступно|доступность|значок|иероглиф|китай|кнопка|пусто|пустота|свободно
SYMBOLS	㊗️		Japanese “congratulations” button	button|congratulations|ideograph|Japanese	поздравление	значок|кнопка|праздник|япония
SYMBOLS	㊙️		Japanese “secret” button	button|ideograph|Japanese|secret	секрет	значок|кнопка|тайна|япония
SYMBOLS	🈺		Japanese “open for business” button	business|button|ideograph|Japanese|open	открыто	значок|иероглиф|китай|кнопка|работа|работает|япония
SYMBOLS	🈵		Japanese “no vacancy” button	button|ideograph|Japanese|no|vacancy	нет мест	занято|заполнено|значок|иероглиф|кнопка|мест|нет|Япония
SYMBOLS	🔴		red circle	circle|geometric|red	красный круг	геометрия|красный|круг|фигура|шар
SYMBOLS	🟠		orange circle	circle|orange	оранжевый круг	геометрия|круг|оранжевый|фигура|шар
SYMBOLS	🟡		yellow circle	circle|yellow	желтый круг	геометрия|желтый|круг|фигура|шар
SYMBOLS	🟢		green circle	circle|green	зеленый круг	геометрия|зеленый|круг|фигура|шар
SYMBOLS	🔵		blue circle	blue|circle|geometric	голубой круг	геометрия|голубой|круг|синий|фигура|шар
SYMBOLS	🟣		purple circle	circle|purple	фиолетовый круг	геометрия|круг|фигура|фиолетовый|шар
SYMBOLS	🟤		brown circle	brown|circle	коричневый круг	геометрия|коричневый|круг|фигура|шар
SYMBOLS	⚫		black circle	black|circle|geometric	черный круг	геометрия|круг|фигура|черный|шар
SYMBOLS	⚪		white circle	circle|geometric|white	белый круг	белый|геометрия|круг|фигура|шар
SYMBOLS	🟥		red square	card|penalty|red|square	красный квадрат	геометрия|квадрат|красный|прямоугольник|фигура
SYMBOLS	🟧		orange square	orange|square	оранжевый квадрат	геометрия|квадрат|оранжевый|прямоугольник|фигура
SYMBOLS	🟨		yellow square	card|penalty|square|yellow	желтый квадрат	геометрия|желтая|желтый|карточка|квадрат|предупреждение|фигура
SYMBOLS	🟩		green square	green|square	зеленый квадрат	геометрия|зеленый|квадрат|фигура
SYMBOLS	🟦		blue square	blue|square	синий квадрат	геометрия|голубой|квадрат|синий|фигура
SYMBOLS	🟪		purple square	purple|square	фиолетовый квадрат	геометрия|квадрат|прямоугольник|фигура|фиолетовый
SYMBOLS	🟫		brown square	brown|square	коричневый квадрат	геометрия|квадрат|коричневый|прямоугольник|фигура
SYMBOLS	⬛		black large square	black|geometric|large|square	большой черный квадрат	большой|геометрия|квадрат|фигура|черный
SYMBOLS	⬜		white large square	geometric|large|square|white	большой белый квадрат	белый|большой|геометрия|квадрат|фигура
SYMBOLS	◼️		black medium square	black|geometric|medium|square	черный квадрат	геометрия|квадрат|средний|фигура|черный
SYMBOLS	◻️		white medium square	geometric|medium|square|white	белый квадрат	белый|геометрия|квадрат|фигура
SYMBOLS	◾		black medium-small square	black|geometric|medium-small|square	небольшой черный квадрат	геометрия|квадрат|небольшой|фигура|черный
SYMBOLS	◽		white medium-small square	geometric|medium-small|square|white	небольшой белый квадрат	белый|геометрия|квадрат|небольшой квадрат|фигура
SYMBOLS	▪️		black small square	black|geometric|small|square	черный квадратик	геометрия|квадрат|квадратик|маленький|фигура|черный
SYMBOLS	▫️		white small square	geometric|small|square|white	белый квадратик	белый|геометрия|квадрат|квадратик|маленький|фигура
SYMBOLS	🔶		large orange diamond	diamond|geometric|large|orange	большой оранжевый ромб	большой|геометрия|оранжевый|ромб|фигура
SYMBOLS	🔷		large blue diamond	blue|diamond|geometric|large	большой голубой ромб	большой|геометрия|голубой|ромб|синий|фигура
SYMBOLS	🔸		small orange diamond	diamond|geometric|orange|small	небольшой оранжевый ромб	геометрия|маленький|оранжевый|ромб|фигура
SYMBOLS	🔹		small blue diamond	blue|diamond|geometric|small	небольшой голубой ромб	геометрия|голубой|небольшой ромб|ромб|фигура
SYMBOLS	🔺		red triangle pointed up	geometric|pointed|red|triangle|up	треугольник вершиной вверх	вверх|вершиной|геометрия|красный|пирамида|треугольник|фигура
SYMBOLS	🔻		red triangle pointed down	down|geometric|pointed|red|triangle	треугольник вершиной вниз	вершиной|вниз|геометрия|красный|пирамида|треугольник|фигура
SYMBOLS	💠		diamond with a dot	comic|diamond|dot|geometric	ромб с точкой	алмаз|бриллиант|геометрия|драгоценный|камень|ромб|с|точкой|украшение|фигура|цветок
SYMBOLS	🔘		radio button	button|geometric|radio	круглая кнопка	кнопка|круглая|серая
SYMBOLS	🔳		white square button	button|geometric|outlined|square|white	кнопка с белой рамкой	белая|белой|квадрат|кнопка|рамкой|с
SYMBOLS	🔲		black square button	black|button|geometric|square	кнопка с черной рамкой	квадрат|кнопка|рамкой|с|черная|черной
FLAGS	🏁		chequered flag	checkered|chequered|finish|flag|flags|game|race|racing|sport|win	клетчатый флаг	в|гонка|гонки|клетку|клетчатый|финиш|флаг|черно-белый
FLAGS	🚩		triangular flag	construction|flag|golf|post|triangular	треугольный флаг	красный|треугольный|флаг|флажок
FLAGS	🎌		crossed flags	celebration|cross|crossed|flags|Japanese	скрещенные флаги	два|скрещенные|флага|флаги|Япония|японских
FLAGS	🏴		black flag	black|flag|waving	черный флаг	реет|флаг|черный
FLAGS	🏳️		white flag	flag|waving|white	белый флаг	белый|капитуляция|плен|реет|сдавайся|сдаваться|сдаюсь|флаг
FLAGS	🏳️‍🌈		rainbow flag	bisexual|flag|gay|genderqueer|glbt|glbtq|lesbian|lgbt|lgbtq|lgbtqia|pride|queer|rainbow|trans|transgender	радужный флаг	гей|гомосексульный|ЛГБТ|радуга|радужный|трансгендер|флаг
FLAGS	🏳️‍⚧️		transgender flag	blue|flag|light|pink|transgender|white	флаг трансгендерного сообщества	белый|розовый|светло-голубой|трансгендер|флаг
FLAGS	🏴‍☠️		pirate flag	flag|Jolly|pirate|plunder|Roger|treasure	пиратский флаг	веселый роджер|кости|пираты|флаг|череп
FLAGS	🇦🇨		flag: Ascension Island	flag	флаг: о-в Вознесения	флаг
FLAGS	🇦🇩		flag: Andorra	flag	флаг: Андорра	флаг
FLAGS	🇦🇪		flag: United Arab Emirates	flag	флаг: ОАЭ	флаг
FLAGS	🇦🇫		flag: Afghanistan	flag	флаг: Афганистан	флаг
FLAGS	🇦🇬		flag: Antigua & Barbuda	flag	флаг: Антигуа и Барбуда	флаг
FLAGS	🇦🇮		flag: Anguilla	flag	флаг: Ангилья	флаг
FLAGS	🇦🇱		flag: Albania	flag	флаг: Албания	флаг
FLAGS	🇦🇲		flag: Armenia	flag	флаг: Армения	флаг
FLAGS	🇦🇴		flag: Angola	flag	флаг: Ангола	флаг
FLAGS	🇦🇶		flag: Antarctica	flag	флаг: Антарктида	флаг
FLAGS	🇦🇷		flag: Argentina	flag	флаг: Аргентина	флаг
FLAGS	🇦🇸		flag: American Samoa	flag	флаг: Американское Самоа	флаг
FLAGS	🇦🇹		flag: Austria	flag	флаг: Австрия	флаг
FLAGS	🇦🇺		flag: Australia	flag	флаг: Австралия	флаг
FLAGS	🇦🇼		flag: Aruba	flag	флаг: Аруба	флаг
FLAGS	🇦🇽		flag: Åland Islands	flag	флаг: Аландские о-ва	флаг
FLAGS	🇦🇿		flag: Azerbaijan	flag	флаг: Азербайджан	флаг
FLAGS	🇧🇦		flag: Bosnia & Herzegovina	flag	флаг: Босния и Герцеговина	флаг
FLAGS	🇧🇧		flag: Barbados	flag	флаг: Барбадос	флаг
FLAGS	🇧🇩		flag: Bangladesh	flag	флаг: Бангладеш	флаг
FLAGS	🇧🇪		flag: Belgium	flag	флаг: Бельгия	флаг
FLAGS	🇧🇫		flag: Burkina Faso	flag	флаг: Буркина-Фасо	флаг
FLAGS	🇧🇬		flag: Bulgaria	flag	флаг: Болгария	флаг
FLAGS	🇧🇭		flag: Bahrain	flag	флаг: Бахрейн	флаг
FLAGS	🇧🇮		flag: Burundi	flag	флаг: Бурунди	флаг
FLAGS	🇧🇯		flag: Benin	flag	флаг: Бенин	флаг
FLAGS	🇧🇱		flag: St. Barthélemy	flag	флаг: Сен-Бартелеми	флаг
FLAGS	🇧🇲		flag: Bermuda	flag	флаг: Бермудские о-ва	флаг
FLAGS	🇧🇳		flag: Brunei	flag	флаг: Бруней	флаг
FLAGS	🇧🇴		flag: Bolivia	flag	флаг: Боливия	флаг
FLAGS	🇧🇶		flag: Caribbean Netherlands	flag	флаг: Бонэйр, Синт-Эстатиус и Саба	флаг
FLAGS	🇧🇷		flag: Brazil	flag	флаг: Бразилия	флаг
FLAGS	🇧🇸		flag: Bahamas	flag	флаг: Багамы	флаг
FLAGS	🇧🇹		flag: Bhutan	flag	флаг: Бутан	флаг
FLAGS	🇧🇻		flag: Bouvet Island	flag	флаг: о-в Буве	флаг
FLAGS	🇧🇼		flag: Botswana	flag	флаг: Ботсвана	флаг
FLAGS	🇧🇾		flag: Belarus	flag	флаг: Беларусь	флаг
FLAGS	🇧🇿		flag: Belize	flag	флаг: Белиз	флаг
FLAGS	🇨🇦		flag: Canada	flag	флаг: Канада	флаг
FLAGS	🇨🇨		flag: Cocos (Keeling) Islands	flag	флаг: Кокосовые о-ва	флаг
FLAGS	🇨🇩		flag: Congo - Kinshasa	flag	флаг: Конго - Киншаса	флаг
FLAGS	🇨🇫		flag: Central African Republic	flag	флаг: Центрально-Африканская Республика	флаг
FLAGS	🇨🇬		flag: Congo - Brazzaville	flag	флаг: Конго - Браззавиль	флаг
FLAGS	🇨🇭		flag: Switzerland	flag	флаг: Швейцария	флаг
FLAGS	🇨🇮		flag: Côte d’Ivoire	flag	флаг: Кот-д’Ивуар	флаг
FLAGS	🇨🇰		flag: Cook Islands	flag	флаг: о-ва Кука	флаг
FLAGS	🇨🇱		flag: Chile	flag	флаг: Чили	флаг
FLAGS	🇨🇲		flag: Cameroon	flag	флаг: Камерун	флаг
FLAGS	🇨🇳		flag: China	flag	флаг: Китай	флаг
FLAGS	🇨🇴		flag: Colombia	flag	флаг: Колумбия	флаг
FLAGS	🇨🇵		flag: Clipperton Island	flag	флаг: о-в Клиппертон	флаг
FLAGS	🇨🇶		flag: Sark	flag	флаг: Сарк	флаг
FLAGS	🇨🇷		flag: Costa Rica	flag	флаг: Коста-Рика	флаг
FLAGS	🇨🇺		flag: Cuba	flag	флаг: Куба	флаг
FLAGS	🇨🇻		flag: Cape Verde	flag	флаг: Кабо-Верде	флаг
FLAGS	🇨🇼		flag: Curaçao	flag	флаг: Кюрасао	флаг
FLAGS	🇨🇽		flag: Christmas Island	flag	флаг: о-в Рождества	флаг
FLAGS	🇨🇾		flag: Cyprus	flag	флаг: Кипр	флаг
FLAGS	🇨🇿		flag: Czechia	flag	флаг: Чехия	флаг
FLAGS	🇩🇪		flag: Germany	flag	флаг: Германия	флаг
FLAGS	🇩🇬		flag: Diego Garcia	flag	флаг: Диего-Гарсия	флаг
FLAGS	🇩🇯		flag: Djibouti	flag	флаг: Джибути	флаг
FLAGS	🇩🇰		flag: Denmark	flag	флаг: Дания	флаг
FLAGS	🇩🇲		flag: Dominica	flag	флаг: Доминика	флаг
FLAGS	🇩🇴		flag: Dominican Republic	flag	флаг: Доминиканская Республика	флаг
FLAGS	🇩🇿		flag: Algeria	flag	флаг: Алжир	флаг
FLAGS	🇪🇦		flag: Ceuta & Melilla	flag	флаг: Сеута и Мелилья	флаг
FLAGS	🇪🇨		flag: Ecuador	flag	флаг: Эквадор	флаг
FLAGS	🇪🇪		flag: Estonia	flag	флаг: Эстония	флаг
FLAGS	🇪🇬		flag: Egypt	flag	флаг: Египет	флаг
FLAGS	🇪🇭		flag: Western Sahara	flag	флаг: Западная Сахара	флаг
FLAGS	🇪🇷		flag: Eritrea	flag	флаг: Эритрея	флаг
FLAGS	🇪🇸		flag: Spain	flag	флаг: Испания	флаг
FLAGS	🇪🇹		flag: Ethiopia	flag	флаг: Эфиопия	флаг
FLAGS	🇪🇺		flag: European Union	flag	флаг: Европейский союз	флаг
FLAGS	🇫🇮		flag: Finland	flag	флаг: Финляндия	флаг
FLAGS	🇫🇯		flag: Fiji	flag	флаг: Фиджи	флаг
FLAGS	🇫🇰		flag: Falkland Islands	flag	флаг: Фолклендские о-ва	флаг
FLAGS	🇫🇲		flag: Micronesia	flag	флаг: Федеративные Штаты Микронезии	флаг
FLAGS	🇫🇴		flag: Faroe Islands	flag	флаг: Фарерские о-ва	флаг
FLAGS	🇫🇷		flag: France	flag	флаг: Франция	флаг
FLAGS	🇬🇦		flag: Gabon	flag	флаг: Габон	флаг
FLAGS	🇬🇧		flag: United Kingdom	flag	флаг: Великобритания	флаг
FLAGS	🇬🇩		flag: Grenada	flag	флаг: Гренада	флаг
FLAGS	🇬🇪		flag: Georgia	flag	флаг: Грузия	флаг
FLAGS	🇬🇫		flag: French Guiana	flag	флаг: Французская Гвиана	флаг
FLAGS	🇬🇬		flag: Guernsey	flag	флаг: Гернси	флаг
FLAGS	🇬🇭		flag: Ghana	flag	флаг: Гана	флаг
FLAGS	🇬🇮		flag: Gibraltar	flag	флаг: Гибралтар	флаг
FLAGS	🇬🇱		flag: Greenland	flag	флаг: Гренландия	флаг
FLAGS	🇬🇲		flag: Gambia	flag	флаг: Гамбия	флаг
FLAGS	🇬🇳		flag: Guinea	flag	флаг: Гвинея	флаг
FLAGS	🇬🇵		flag: Guadeloupe	flag	флаг: Гваделупа	флаг
FLAGS	🇬🇶		flag: Equatorial Guinea	flag	флаг: Экваториальная Гвинея	флаг
FLAGS	🇬🇷		flag: Greece	flag	флаг: Греция	флаг
FLAGS	🇬🇸		flag: South Georgia & South Sandwich Islands	flag	флаг: Южная Георгия и Южные Сандвичевы о-ва	флаг
FLAGS	🇬🇹		flag: Guatemala	flag	флаг: Гватемала	флаг
FLAGS	🇬🇺		flag: Guam	flag	флаг: Гуам	флаг
FLAGS	🇬🇼		flag: Guinea-Bissau	flag	флаг: Гвинея-Бисау	флаг
FLAGS	🇬🇾		flag: Guyana	flag	флаг: Гайана	флаг
FLAGS	🇭🇰		flag: Hong Kong SAR China	flag	флаг: Гонконг (САР)	флаг
FLAGS	🇭🇲		flag: Heard & McDonald Islands	flag	флаг: о-ва Херд и Макдональд	флаг
FLAGS	🇭🇳		flag: Honduras	flag	флаг: Гондурас	флаг
FLAGS	🇭🇷		flag: Croatia	flag	флаг: Хорватия	флаг
FLAGS	🇭🇹		flag: Haiti	flag	флаг: Гаити	флаг
FLAGS	🇭🇺		flag: Hungary	flag	флаг: Венгрия	флаг
FLAGS	🇮🇨		flag: Canary Islands	flag	флаг: Канарские о-ва	флаг
FLAGS	🇮🇩		flag: Indonesia	flag	флаг: Индонезия	флаг
FLAGS	🇮🇪		flag: Ireland	flag	флаг: Ирландия	флаг
FLAGS	🇮🇱		flag: Israel	flag	флаг: Израиль	флаг
FLAGS	🇮🇲		flag: Isle of Man	flag	флаг: о-в Мэн	флаг
FLAGS	🇮🇳		flag: India	flag	флаг: Индия	флаг
FLAGS	🇮🇴		flag: British Indian Ocean Territory	flag	флаг: Британская территория в Индийском океане	флаг
FLAGS	🇮🇶		flag: Iraq	flag	флаг: Ирак	флаг
FLAGS	🇮🇷		flag: Iran	flag	флаг: Иран	флаг
FLAGS	🇮🇸		flag: Iceland	flag	флаг: Исландия	флаг
FLAGS	🇮🇹		flag: Italy	flag	флаг: Италия	флаг
FLAGS	🇯🇪		flag: Jersey	flag	флаг: Джерси	флаг
FLAGS	🇯🇲		flag: Jamaica	flag	флаг: Ямайка	флаг
FLAGS	🇯🇴		flag: Jordan	flag	флаг: Иордания	флаг
FLAGS	🇯🇵		flag: Japan	flag	флаг: Япония	флаг
FLAGS	🇰🇪		flag: Kenya	flag	флаг: Кения	флаг
FLAGS	🇰🇬		flag: Kyrgyzstan	flag	флаг: Киргизия	флаг
FLAGS	🇰🇭		flag: Cambodia	flag	флаг: Камбоджа	флаг
FLAGS	🇰🇮		flag: Kiribati	flag	флаг: Кирибати	флаг
FLAGS	🇰🇲		flag: Comoros	flag	флаг: Коморы	флаг
FLAGS	🇰🇳		flag: St. Kitts & Nevis	flag	флаг: Сент-Китс и Невис	флаг
FLAGS	🇰🇵		flag: North Korea	flag	флаг: КНДР	флаг
FLAGS	🇰🇷		flag: South Korea	flag	флаг: Республика Корея	флаг
FLAGS	🇰🇼		flag: Kuwait	flag	флаг: Кувейт	флаг
FLAGS	🇰🇾		flag: Cayman Islands	flag	флаг: о-ва Кайман	флаг
FLAGS	🇰🇿		flag: Kazakhstan	flag	флаг: Казахстан	флаг
FLAGS	🇱🇦		flag: Laos	flag	флаг: Лаос	флаг
FLAGS	🇱🇧		flag: Lebanon	flag	флаг: Ливан	флаг
FLAGS	🇱🇨		flag: St. Lucia	flag	флаг: Сент-Люсия	флаг
FLAGS	🇱🇮		flag: Liechtenstein	flag	флаг: Лихтенштейн	флаг
FLAGS	🇱🇰		flag: Sri Lanka	flag	флаг: Шри-Ланка	флаг
FLAGS	🇱🇷		flag: Liberia	flag	флаг: Либерия	флаг
FLAGS	🇱🇸		flag: Lesotho	flag	флаг: Лесото	флаг
FLAGS	🇱🇹		flag: Lithuania	flag	флаг: Литва	флаг
FLAGS	🇱🇺		flag: Luxembourg	flag	флаг: Люксембург	флаг
FLAGS	🇱🇻		flag: Latvia	flag	флаг: Латвия	флаг
FLAGS	🇱🇾		flag: Libya	flag	флаг: Ливия	флаг
FLAGS	🇲🇦		flag: Morocco	flag	флаг: Марокко	флаг
FLAGS	🇲🇨		flag: Monaco	flag	флаг: Монако	флаг
FLAGS	🇲🇩		flag: Moldova	flag	флаг: Молдова	флаг
FLAGS	🇲🇪		flag: Montenegro	flag	флаг: Черногория	флаг
FLAGS	🇲🇫		flag: St. Martin	flag	флаг: Сен-Мартен	флаг
FLAGS	🇲🇬		flag: Madagascar	flag	флаг: Мадагаскар	флаг
FLAGS	🇲🇭		flag: Marshall Islands	flag	флаг: Маршалловы о-ва	флаг
FLAGS	🇲🇰		flag: North Macedonia	flag	флаг: Северная Македония	флаг
FLAGS	🇲🇱		flag: Mali	flag	флаг: Мали	флаг
FLAGS	🇲🇲		flag: Myanmar (Burma)	flag	флаг: Мьянма (Бирма)	флаг
FLAGS	🇲🇳		flag: Mongolia	flag	флаг: Монголия	флаг
FLAGS	🇲🇴		flag: Macao SAR China	flag	флаг: Макао (САР)	флаг
FLAGS	🇲🇵		flag: Northern Mariana Islands	flag	флаг: Северные Марианские о-ва	флаг
FLAGS	🇲🇶		flag: Martinique	flag	флаг: Мартиника	флаг
FLAGS	🇲🇷		flag: Mauritania	flag	флаг: Мавритания	флаг
FLAGS	🇲🇸		flag: Montserrat	flag	флаг: Монтсеррат	флаг
FLAGS	🇲🇹		flag: Malta	flag	флаг: Мальта	флаг
FLAGS	🇲🇺		flag: Mauritius	flag	флаг: Маврикий	флаг
FLAGS	🇲🇻		flag: Maldives	flag	флаг: Мальдивы	флаг
FLAGS	🇲🇼		flag: Malawi	flag	флаг: Малави	флаг
FLAGS	🇲🇽		flag: Mexico	flag	флаг: Мексика	флаг
FLAGS	🇲🇾		flag: Malaysia	flag	флаг: Малайзия	флаг
FLAGS	🇲🇿		flag: Mozambique	flag	флаг: Мозамбик	флаг
FLAGS	🇳🇦		flag: Namibia	flag	флаг: Намибия	флаг
FLAGS	🇳🇨		flag: New Caledonia	flag	флаг: Новая Каледония	флаг
FLAGS	🇳🇪		flag: Niger	flag	флаг: Нигер	флаг
FLAGS	🇳🇫		flag: Norfolk Island	flag	флаг: о-в Норфолк	флаг
FLAGS	🇳🇬		flag: Nigeria	flag	флаг: Нигерия	флаг
FLAGS	🇳🇮		flag: Nicaragua	flag	флаг: Никарагуа	флаг
FLAGS	🇳🇱		flag: Netherlands	flag	флаг: Нидерланды	флаг
FLAGS	🇳🇴		flag: Norway	flag	флаг: Норвегия	флаг
FLAGS	🇳🇵		flag: Nepal	flag	флаг: Непал	флаг
FLAGS	🇳🇷		flag: Nauru	flag	флаг: Науру	флаг
FLAGS	🇳🇺		flag: Niue	flag	флаг: Ниуэ	флаг
FLAGS	🇳🇿		flag: New Zealand	flag	флаг: Новая Зеландия	флаг
FLAGS	🇴🇲		flag: Oman	flag	флаг: Оман	флаг
FLAGS	🇵🇦		flag: Panama	flag	флаг: Панама	флаг
FLAGS	🇵🇪		flag: Peru	flag	флаг: Перу	флаг
FLAGS	🇵🇫		flag: French Polynesia	flag	флаг: Французская Полинезия	флаг
FLAGS	🇵🇬		flag: Papua New Guinea	flag	флаг: Папуа — Новая Гвинея	флаг
FLAGS	🇵🇭		flag: Philippines	flag	флаг: Филиппины	флаг
FLAGS	🇵🇰		flag: Pakistan	flag	флаг: Пакистан	флаг
FLAGS	🇵🇱		flag: Poland	flag	флаг: Польша	флаг
FLAGS	🇵🇲		flag: St. Pierre & Miquelon	flag	флаг: Сен-Пьер и Микелон	флаг
FLAGS	🇵🇳		flag: Pitcairn Islands	flag	флаг: о-ва Питкэрн	флаг
FLAGS	🇵🇷		flag: Puerto Rico	flag	флаг: Пуэрто-Рико	флаг
FLAGS	🇵🇸		flag: Palestinian Territories	flag	флаг: Палестинские территории	флаг
FLAGS	🇵🇹		flag: Portugal	flag	флаг: Португалия	флаг
FLAGS	🇵🇼		flag: Palau	flag	флаг: Палау	флаг
FLAGS	🇵🇾		flag: Paraguay	flag	флаг: Парагвай	флаг
FLAGS	🇶🇦		flag: Qatar	flag	флаг: Катар	флаг
FLAGS	🇷🇪		flag: Réunion	flag	флаг: Реюньон	флаг
FLAGS	🇷🇴		flag: Romania	flag	флаг: Румыния	флаг
FLAGS	🇷🇸		flag: Serbia	flag	флаг: Сербия	флаг
FLAGS	🇷🇺		flag: Russia	flag	флаг: Россия	флаг
FLAGS	🇷🇼		flag: Rwanda	flag	флаг: Руанда	флаг
FLAGS	🇸🇦		flag: Saudi Arabia	flag	флаг: Саудовская Аравия	флаг
FLAGS	🇸🇧		flag: Solomon Islands	flag	флаг: Соломоновы о-ва	флаг
FLAGS	🇸🇨		flag: Seychelles	flag	флаг: Сейшельские о-ва	флаг
FLAGS	🇸🇩		flag: Sudan	flag	флаг: Судан	флаг
FLAGS	🇸🇪		flag: Sweden	flag	флаг: Швеция	флаг
FLAGS	🇸🇬		flag: Singapore	flag	флаг: Сингапур	флаг
FLAGS	🇸🇭		flag: St. Helena	flag	флаг: о-в Св. Елены	флаг
FLAGS	🇸🇮		flag: Slovenia	flag	флаг: Словения	флаг
FLAGS	🇸🇯		flag: Svalbard & Jan Mayen	flag	флаг: Шпицберген и Ян-Майен	флаг
FLAGS	🇸🇰		flag: Slovakia	flag	флаг: Словакия	флаг
FLAGS	🇸🇱		flag: Sierra Leone	flag	флаг: Сьерра-Леоне	флаг
FLAGS	🇸🇲		flag: San Marino	flag	флаг: Сан-Марино	флаг
FLAGS	🇸🇳		flag: Senegal	flag	флаг: Сенегал	флаг
FLAGS	🇸🇴		flag: Somalia	flag	флаг: Сомали	флаг
FLAGS	🇸🇷		flag: Suriname	flag	флаг: Суринам	флаг
FLAGS	🇸🇸		flag: South Sudan	flag	флаг: Южный Судан	флаг
FLAGS	🇸🇹		flag: São Tomé & Príncipe	flag	флаг: Сан-Томе и Принсипи	флаг
FLAGS	🇸🇻		flag: El Salvador	flag	флаг: Сальвадор	флаг
FLAGS	🇸🇽		flag: Sint Maarten	flag	флаг: Синт-Мартен	флаг
FLAGS	🇸🇾		flag: Syria	flag	флаг: Сирия	флаг
FLAGS	🇸🇿		flag: Eswatini	flag	флаг: Эсватини	флаг
FLAGS	🇹🇦		flag: Tristan da Cunha	flag	флаг: Тристан-да-Кунья	флаг
FLAGS	🇹🇨		flag: Turks & Caicos Islands	flag	флаг: Тёркс и Кайкос	флаг
FLAGS	🇹🇩		flag: Chad	flag	флаг: Чад	флаг
FLAGS	🇹🇫		flag: French Southern Territories	flag	флаг: Французские Южные территории	флаг
FLAGS	🇹🇬		flag: Togo	flag	флаг: Того	флаг
FLAGS	🇹🇭		flag: Thailand	flag	флаг: Таиланд	флаг
FLAGS	🇹🇯		flag: Tajikistan	flag	флаг: Таджикистан	флаг
FLAGS	🇹🇰		flag: Tokelau	flag	флаг: Токелау	флаг
FLAGS	🇹🇱		flag: Timor-Leste	flag	флаг: Восточный Тимор	флаг
FLAGS	🇹🇲		flag: Turkmenistan	flag	флаг: Туркменистан	флаг
FLAGS	🇹🇳		flag: Tunisia	flag	флаг: Тунис	флаг
FLAGS	🇹🇴		flag: Tonga	flag	флаг: Тонга	флаг
FLAGS	🇹🇷		flag: Türkiye	flag	флаг: Турция	флаг
FLAGS	🇹🇹		flag: Trinidad & Tobago	flag	флаг: Тринидад и Тобаго	флаг
FLAGS	🇹🇻		flag: Tuvalu	flag	флаг: Тувалу	флаг
FLAGS	🇹🇼		flag: Taiwan	flag	флаг: Тайвань	флаг
FLAGS	🇹🇿		flag: Tanzania	flag	флаг: Танзания	флаг
FLAGS	🇺🇦		flag: Ukraine	flag	флаг: Украина	флаг
FLAGS	🇺🇬		flag: Uganda	flag	флаг: Уганда	флаг
FLAGS	🇺🇲		flag: U.S. Outlying Islands	flag	флаг: Внешние малые о-ва (США)	флаг
FLAGS	🇺🇳		flag: United Nations	flag	флаг: Организация Объединенных Наций	флаг
FLAGS	🇺🇸		flag: United States	flag	флаг: Соединенные Штаты	флаг
FLAGS	🇺🇾		flag: Uruguay	flag	флаг: Уругвай	флаг
FLAGS	🇺🇿		flag: Uzbekistan	flag	флаг: Узбекистан	флаг
FLAGS	🇻🇦		flag: Vatican City	flag	флаг: Ватикан	флаг
FLAGS	🇻🇨		flag: St. Vincent & Grenadines	flag	флаг: Сент-Винсент и Гренадины	флаг
FLAGS	🇻🇪		flag: Venezuela	flag	флаг: Венесуэла	флаг
FLAGS	🇻🇬		flag: British Virgin Islands	flag	флаг: Виргинские о-ва (Великобритания)	флаг
FLAGS	🇻🇮		flag: U.S. Virgin Islands	flag	флаг: Виргинские о-ва (США)	флаг
FLAGS	🇻🇳		flag: Vietnam	flag	флаг: Вьетнам	флаг
FLAGS	🇻🇺		flag: Vanuatu	flag	флаг: Вануату	флаг
FLAGS	🇼🇫		flag: Wallis & Futuna	flag	флаг: Уоллис и Футуна	флаг
FLAGS	🇼🇸		flag: Samoa	flag	флаг: Самоа	флаг
FLAGS	🇽🇰		flag: Kosovo	flag	флаг: Косово	флаг
FLAGS	🇾🇪		flag: Yemen	flag	флаг: Йемен	флаг
FLAGS	🇾🇹		flag: Mayotte	flag	флаг: Майотта	флаг
FLAGS	🇿🇦		flag: South Africa	flag	флаг: Южно-Африканская Республика	флаг
FLAGS	🇿🇲		flag: Zambia	flag	флаг: Замбия	флаг
FLAGS	🇿🇼		flag: Zimbabwe	flag	флаг: Зимбабве	флаг
FLAGS	🏴󠁧󠁢󠁥󠁮󠁧󠁿		flag: England	flag	флаг: Англия	флаг
FLAGS	🏴󠁧󠁢󠁳󠁣󠁴󠁿		flag: Scotland	flag	флаг: Шотландия	флаг
FLAGS	🏴󠁧󠁢󠁷󠁬󠁳󠁿		flag: Wales	flag	флаг: Уэльс	флаг
